sequence,label
DLGPPISLERLDVGTNLGNAIAKLEAKELLESSD,1
HRIDLGPPISLERLDVGTNLGNAIAKLEAKELLE,1
IDLGPPISLERLDVGTNLGNAIAKLEAKELLESS,1
LERLDVGTNLGNAIAKLEAKELLESSDQILRSMK,1
LGPPISLERLDVGTNLGNAIAKLEAKELLESSDQ,1
LHRIDLGPPISLERLDVGTNLGNAIAKLEAKELL,1
PISLERLDVGTNLGNAIAKLEAKELLESSDQILR,1
PPISLERLDVGTNLGNAIAKLEAKELLESSDQIL,1
RIDLGPPISLERLDVGTNLGNAIAKLEAKELLES,1
SLERLDVGTNLGNAIAKLEAKELLESSDQILRSM,1
ALLSTNKAVVSLSNGVSVLTSKVLDLKNYIDKQ,1
AVSKVLHLEGEVNKIALLSTNKAVVSLSNGVSV,1
EVNKIALLSTNKAVVSLSNGVSVLTSKVLDLKN,1
GEVNKIALLSTNKAVVSLSNGVSVLTSKVLDLK,1
IALLSTNKAVVSLSNGVSVLTSKVLDLKNYIDK,1
KIALLSTNKAVVSLSNGVSVLTSKVLDLKNYID,1
LEGEVNKIALLSTNKAVVSLSNGVSVLTSKVLD,1
NKIALLSTNKAVVSLSNGVSVLTSKVLDLKNYI,1
SKVLHLEGEVNKIALLSTNKAVVSLSNGVSVLT,1
VAVSKVLHLEGEVNKIALLSTNKAVVSLSNGVS,1
VNKIALLSTNKAVVSLSNGVSVLTSKVLDLKNY,1
VSKVLHLEGEVNKIALLSTNKAVVSLSNGVSVL,1
ERKVDFLEENITALLEEAQIQQEKNMYELQKLNSW,1
EWERKVDFLEENITALLEEAQIQQEKNMYELQKLN,1
FLEENITALLEEAQIQQEKNMYELQKLNSWDVFGN,1
KVDFLEENITALLEEAQIQQEKNMYELQKLNSWDV,1
QEWERKVDFLEENITALLEEAQIQQEKNMYELQKL,1
RKVDFLEENITALLEEAQIQQEKNMYELQKLNSWD,1
VDFLEENITALLEEAQIQQEKNMYELQKLNSWDVF,1
WERKVDFLEENITALLEEAQIQQEKNMYELQKLNS,1
WQEWERKVDFLEENITALLEEAQIQQEKNMYELQK,1
RGGRLCYCRRRFCICV,1
QKKCPGRCTLKCGKHERPTLPYNCGKYICCVPVKVK,1
EKKCPGRCTLKCGKHERPTLPYNCGKYICCVPVKVK,1
AVSPTTLRTEVVKTFRRDKPFPHRMDCVTT,1
LAEGPPVKECAVTCRYDKDADINVVTQARN,1
VSRRYLASLHKKALPTSVTFELLFDGTNPS,1
GWFEGWFNRSPWFTT,1
VEENMKKLEERLKKREELFKKQEEWFKKWFERSKKFT,1
VRDNMAKLRERLKQRQQLFDSQQGWFEGWFNRSPWFT,1
EWYNQTKDLQQKFYEIIMDIEQNNVQGKKGIQQLQ,1
GEWYNQTKDLQQKFYEIIMDIEQNNVQGKKGIQQL,1
GNITLGEWYNQTKDLQQKFYEIIMDIEQNNVQG,1
ITLGEWYNQTKDLQQKFYEIIMDIEQNNVQGKKGI,1
IWNHGNITLGEWYNQTKDLQQKFYEIITMDIEQNNV,1
LGEWYNQTKDLQQKFYEIIMDIEQNNVQGKKGIQQ,1
NITLGEWYNQTKDLQQKFYEIIMDIEQNNVQGK,1
NQTKDLQQKFYEIIMDIEQNNVQGKKGIQQLQKWE,1
TKDLQQKFYEIIMDIEQNNVQGKKGIQQLQKWEDW,1
TLGEWYNQTKDLQQKFYEIIMDIEQNNVQGKKG,1
WNHGNITLGEWYNQTKDLQQKFYEIIMDIEQNNVQ,1
WYNQTKDLQQKFYEIIMDIEQNNVQGKKGIQQLQK,1
YNQTKDLQQKFYEIIMDIEQNNVQGKKGIQQLQKW,1
AGAGTGATAIGMVTQYHQVL,1
CNCTNSSSSYSGTKMACPSNRG,1
EGGTLGNWAREIWATLFKKA,1
EGPGLGNWAREIWATLFKKA,1
EGPTGGNWAREIWATLFKKA,1
EGPTLGGWAREIWATLFKKA,1
EGPTLGNWAGEIWATLFKKA,1
EGPTLGNWAREGWATLFKKA,1
EGPTLGNWAREIWAGLFKKA,1
EGPTLGNWAREIWATGFKKA,1
EGPTLGNWAREIWATLFKGA,1
EGPTLGNWAREIWATLFKKA,1
EGPTLGNWAREIWATLFKKG,1
EGPTLGNWAREIWATLGKKA,1
EGPTLGNWAREIWGTLFKKA,1
EGPTLGNWARGIWATLFKKA,1
EGPTLGNWGREIWATLFKKA,1
EIWATLFKKATRQCRRGRIW,1
GGPTLGNWAREIWATLFKKA,1
HVMLALATVLSIAGAGTGATAI,1
IGLKVEAMEKFLYTAFAMQE,1
IGNIPQYLKGLLGGILGIGL,1
LGNWAREIWATL,1
LGNWAREIWATLFK,1
LGNWAREIWATLFKKA,1
LLGGILGIGLGVLLLILCLP,1
LQKWEDWVRWIGNIPQYLKG,1
NQTKDLQQKFYEIIMDIEQN,1
NVQGKTGIQQLQKWEDWVRW,1
PDYLLVPEEVMEYKPRRKRAAI,1
PTLGNWAREIWATLFKKA,1
RGILRNWYNPFAGLRQSLEQ,1
SGTKMACPSNRGILRNWYNP,1
TGALKINNLRLVTLEHQVLV,1
TRQCRRGRIWKRWNETITGP,1
YKPRRKRAAIHVMLALATVLSI,1
KHMHWHPPALNT,1
LPRRLHLEPAFLPYSVKAHEC,1
LPRRLHLEPAFLPYSVKAHECC,1
RRLHLEPAFLPYSVKAHECC,1
AIKWEYVLLLFLL,1
IKWEYVLLLFLL,1
KWEYVLLLFLL,1
SFAIKWEYVLLLFLL,1
VSFAIKWEYVLLLFL,1
WEYVLLLFLL,1
SWLRDIWDWACEVLSDFK,1
SWLRDIWDWECEVLSDFK,1
SWLRDIWDWGCEVLSDFK,1
SWLRDIWDWICELLSDFK,1
SWLRDIWDWLCELLSDFK,1
SWLRDIWDWSCEVLSDFK,1
SWLRDIWDWVCEVLSDFK,1
SWLRDLWDWICELLSDFK,1
SWLRDLWDWICEVLSDFK,1
SWLRDLWDWLCELLSDFK,1
SWLRDLWDWLCEVLSDFK,1
SGSWLRDIWDWICEVLSDFK,1
GSWLRDIWDWICEVLSDFK,1
SWLRDIWDWICEVLSDFKT,1
SWLRDIWDWICEVLSDFKTW,1
SWRLIDWDWICEVLSDFK,1
SWLRDIWDWICEVL,1
KFDSLVECIWDWIDRLWS,1
KWLCRIWSWISDVLDDFE,1
SIWRDWVDLICEFLSDWK,1
SWLRDVWDWICTVLTDFK,1
SWLRDVWDWVCTILTDFK,1
DWLRIIWDWVCSVVSDFK,1
SWLWEVWDWVLHVLSDFK,1
SWLRDVWDWVCTVLSDFK,1
SWLRDIWDWISEVLSDFK,1
SWLRDIWDWIREVLSDFK,1
SWLRDIWDWIEEVLSDFK,1
SWLDDIWDWICEVLSDFE,1
SWLRDIWDWICKVLSDFK,1
SWLDRIWRWICKVLSRFE,1
SWLRDIWRWICKVLSRFK,1
SWLRRIWRWICKVLSRFK,1
SIELNKAKSDLEESKEWIRRSNQKLDSI,1
VALDPIDISIELNKAKSDLEESKEWIRR,1
VALDPIDISIELNKAKSDLEESKEWIRRSNQKLDSD,1
VALDPIDISIELNKAKSDLEESKEWIRRSNQKLDSI,1
VANDPIDISIELNKAKSDLEESKEWIRRSNQKLDSI,1
VYTDKVDISSQISSMNQSLQQSKDYIKEAQKILDTV,1
KVDISSQISSMNQSLQQSKDYIKEAQRLLDTVNPSL,1
TSQNIRS,1
AEPERRNIKYL,1
AIPCGESCVWIPCISAAIGCSCKNKVCYR,1
AKITFTNNHPRTIWP,1
CGESCAMISFCFTEVIGCSCKNKVCYLNSIS,1
CGESCVFIPCITSVAGCSCKSKVCYRNGIP,1
CGSVFLVGQLFTFSPRHH,1
CLGVGSCNDFAGCGYAIVCFW,1
DCPNGPWVWVPAFCQAVGWG,1
DREINNYTSLIHSLIEESQNQQEKNEQELLELDKWA,1
EELAKKAEELAKKAEELAKKAEELAKKAWASLWNWF,1
EWDREINNYTSLIHSLIEESQNQQEKNEQELLELDK,1
FKCRRWQWRM,1
FKRIVQRIKDFLR,1
GADFQECMKEHSQKQHQHQG,1
GDPTFCGETCRVIPVCTYSAALGCTCDDRSDGLCKRN,1
GFCRCICTRGFCRCICTR,1
GFCRCLCRRGVCRCICTR,1
GFKRIVQRIKDFLRNLV,1
GFPCGESCVFIPCISAAIGCSCKNKVCYRN,1
GICRCICGRGICRCYCGR,1
GICRCICGRRICRCICGR,1
GICRCYCGRGICRCICGR,1
GIGGKILSGLKTALKGAAKELASTYLH,1
GIGTKILGGVKTALKGALKELASTYAN,1
GIKEFKREFQRIKDFLRNLV,1
GIKEFKRIVQRIKDFLRNLV,1
GIKQFKRIVQRIKDFLRNLV,1
GIKYFSMVGNWAKVLVVL,1
GIPCAESCVWIPCTVTALVGCSCSDKVCYN,1
GIPCGESCVFIPCLTTVAGCSCKNKVCYRN,1
GLPICGETCVGGTCNTPGCSCSWPVCTRN,1
GPWVWVPAFCQAVGWGDPIT,1
GRFKRFRKKFKKLFKKIS,1
GRFKRFRKPFKKLFKKIS,1
GTACGESCYVLPCFTVGCTCTSSQCFKN,1
GTKALTEVIPLTEEAEC,1
GTKWLTEWIPLC,1
GTKWLTEWIPLTAEAEC,1
GTKWLTEWIPLTAEC,1
GVCRCICGRGVCRCICGR,1
GVCRCICGRGVCRCICRR,1
GVIPCGESCVFIPCISAAIGCSCKNKVCYRN,1
GVPCGESCVFIPCITGVIGCSCSSNVCYLN,1
GYCRCICGRGICRCICGR,1
IWNNMTWMEWDREINNYTSLIHSLIEESQNQQEKNE,1
KIMAKPSKFYEQLRGR,1
KIPCGESCVWIPCLTSVFNCKCENKVCYHD,1
KIPCGESCVWIPCVTSIFNCKCENKVCYHD,1
KPVSLSYRCPCR,1
KPVSLSYRCPCRF,1
KPVSLSYRCPCRFF,1
KQTENLADTY,1
LCDCPNGPWVWVPAFCQAVG,1
LEAIPCSIPPCFAFNKDFVF,1
LEAIPCSIPPCFAFNKPFVF,1
LEAIPCSIPPCLAFAKPFVF,1
LEAIPCSIPPCVFFGKPFVF,1
LEAIPCSIPPCVFFNKPFVF,1
LEAIPCSIPPCVGFGKPFVF,1
LEAIPCSIPPCVLFNKPFVF,1
LEAIPCSIPPECLFGKPFVF,1
LEAIPCSIPPEFLFGKPFVFLEAIPCSIPPEFLFGKPFVF,1
LEAIPISIPPEVFFGKPFVF,1
LEAIPMCIPPECFFNKPFVF,1
LEAIPMCIPPECLFGKPFVF,1
LEAIPMCIPPECLFNKPFVF,1
LEAIPMKIPPEFLFGKPFVF,1
LEAIPMSCPPEFCFGKPFVF,1
LEAIPMSIPPEFAFNKDFVF,1
LEAIPMSIPPEFLFGKPFVF,1
LEAIPMSIPPEIAFNKPFVF,1
LEAIPMSIPPELAFAKPFVF,1
LEAIPMSIPPEVKFNKPFVF,1
LIHSLIEESQNQQEKNEQELLELDKWASLWNWFNIT,1
LLGDLLRKSKEKIGKEFKRIVQRIKDFLRNLVPRTES,1
LLRIPQAIMDMIAGAHWG,1
LPLPAPSFHRTT,1
LSYRCPCRFF,1
MEWDREINNYTSLIHSLIEESQNQQEKNEQELLELD,1
NGVIPCGESCVFIPCISTLLGCSKNKVCYR,1
NMTWMEWDREINNYTSLIHSLIEESQNQQEKNEQEL,1
NNMTWMEWDREINNYTSLIHSLIEESQNQQEKNEQE,1
NNYTSLIHSLIEESQNQQEKNEQELLELDKWASLWN,1
NYTSLIHSLIEESQNQQEKNEQELLELDKWASLWNW,1
PNGPWVWVPAFCQAVGWGDP,1
PQITLRKKRRQRRRPPQVSFNFATLNF,1
PQITLRKKRRQRRRPPQVSFNFCTLNF,1
PTGERVWDRGNVTLLCDCPN,1
PVSLSYRCPCRFFE,1
QIWNNMTWMEWDREINNYTSLIHSLIEESQNQQEKN,1
QLLDVVKRQQEMLRLTVWGTKNLQARVTAIEKYLKDQ,1
QLLIRMIYKNI,1
QLLIRMIYKNILFYLVPGPGHGAEPERRNIKYL,1
RGGRLCYCRRRFCVCVGR,1
RGNVTLLCDCPNGPWVWVPA,1
RIPTGERVWDRGNVTLLCDC,1
RMIYKNILFYLVPGPGHGAEPERRNIKYL,1
SKEKIGKEFKRIVQRIKDFLR,1
SLIHSLIEESQNQQEKNEQELLELDKWASLWNWFNI,1
SNQGGSPLPRSV,1
SSGLYHVTNDCPNSSIVY,1
SYRCPCRFFES,1
SYSMEHFRWGKPV,1
TFCGETCRVIPVCTYSAALGCTCDDRSDGLCKRNGDP,1
TLLCDCPNGPWVWVPAFCQA,1
TSLIHSLIEESQNQQEKNEQELLELDKWASLWNWFN,1
TWMEWDREINNYTSLIHSLIEESQNQQEKNEQELLE,1
VCYRNGIPCGESCVWIPCISAALGSCK,1
WDREINNYTSLIHSLIEESQNQQEKNEQELLELDKW,1
WDRGNVTLLCDCPNGPWVWV,1
WMEWDREIEALAKAAEALAKAAEALAKAAWASLWNWF,1
WMEWDREIEEAAKKLEEAAKKLEEAAKKLWASLWNWF,1
WMEWDREINNYTSLIGSLIEESQNQQEKNEQELLE,1
WMEWDREINNYTSLIHSLIEESQNQQEKNEQELLE,1
WMEWDREINNYTSLIHSLIEESQNQQEKNEQELLEL,1
WNNMTWMEWDREINNYTSLIHSLIEESQNQQEKNEQ,1
WVWVPAFCQAVGWGDPITHW,1
YCKKCCYHCQ,1
YPGHITGHRMANMMMNW,1
YQCGQGG,1
YQLAIRMIYKNI,1
YQLLIRAIYKNI,1
YQLLIRMAYKNI,1
YQLLIRMIAKNI,1
YQLLIRMIY,1
YQLLIRMIYANI,1
YQLLIRMIYKAI,1
YQLLIRMIYKNA,1
YQLLIRMIYKNI,1
YTSLIHSLIEESQNLQEKNEQELLELDKWASLWNWF,1
YTSLIHSLIEESQNQQEKLEQELLELDKWASLWNWF,1
YTSLIHSLIEESQNQQEKNEQELLELDKWASLANWF,1
YTSLIHSLIEESQNQQEKNEQELLELDKWASLFNFF,1
YTSLIHSLIEESQNQQEKNEQELLELDKWASLWNAF,1
YTSLIHSLIEESQNQQEKNEQELLELDKWASLWNSF,1
YTSLIHSLIEESQNQQEKNEQELLELDKWASPWNWF,1
YTSLIHSLIEESQNQQEKNEQELLQLDKWASLWNWF,1
YTSLIHSLIEESQNQQEKNEQQLLELDKWASLWNWF,1
YTSLIHSLIEESQNQQEKNQQELLQLDKWASLWNWF,1
YTSLIHSLIEESQQQQEKNEQELLELDKWASLWNWF,1
YTSLIHSLIEQSQNQQEKNEQELLELDKWASLWNWF,1
YTSLIHSLIQESQNQQEKNEQELLELDKWASLWNWF,1
YTSLIQSLIEESQNQQEKNEQELLELDKWASLWNWF,1
YTSLIQSLIEESQNQQEKNEQQLLELDKWASLWNWF,1
ALWKTMLKKLGTMALHAGKAALGAAADTISQGTQ,1
GLFGVLAKVAAHVVPAIAEHF,1
GLLSVLGSVAKHVLPHVVPVIAEHL,1
CGRLLLRRQRRRAHQN,1
EWRKKRYSTQV,1
FFGKVLKLIRKIF,1
FFHHIFRGIVHVGKTIHRLVTG,1
GFKDLLKGAAKALVKTVLF,1
GFLDIIEKIAKSW,1
GFLSILKKVLPKVMAHMK,1
GFNEIVQDIEDFLQNLV,1
GIGAVLKVLTTGLPALISWIKRKRQQ,1
GIIDIAKKLFESW,1
GIWDTIKSMGKVFAGKILQNL,1
GIWSDLAEIIKKF,1
GLLGLLGSVVSHVVPAIVGHF,1
GLRRLLGRLLRRLGRLLLR,1
GLRSKIWLWVLLMIWQESNKFKKM,1
GLRSRIWLWVLLMIWQESNRFKRM,1
GWFDIIKKIASEL,1
GWFDVVKHIAKRF,1
ILGPVLGLVSRTLRRVLGIL,1
LLKELWTKIKGAGKAVLGKIKGLL,1
MTWEAWDRAIAEYAARIEALIRAAQEQQEKNEAALREL,1
MTWMAWDRAIANYAALIHALIEAAQNQQEKNEAALLEL,1
MTWMEWDREINNYTSLIHSLIEESQNQQEKNEQELL,1
MTWMEWDREINNYTSLIHSLIEESQNQQEKNEQELLEL,1
SLSRFLRFLKIVYRRAF,1
TTWEAWDRAIAEYAARIEALIRAAQELQEKLEAALREL,1
TTWEAWDRAIAEYAARIEALIRAAQELQEKNEAALREL,1
TTWEAWDRAIAEYAARIEALIRAAQEQQEKLEAALREL,1
TTWEAWDRAIAEYAARIEALIRAAQEQQEKLEAVLREL,1
TTWEAWDRAIAEYAARIEALIRAAQEQQEKNEAALREL,1
TTWEAWDRAIAEYAARIEALIRALQELQEKLEAILREL,1
TTWEAWDRAIAEYAARIEALIRALQELQEKNEAALREL,1
TTWEAWDRAIAEYAARIEALIRALQELQEKNEAILREL,1
TTWEAWDRAIAEYAARIEALIRALQEQQEKNEAALREL,1
TTWEAWDRAIAEYAARIEALIRALQEQQEKNEAILREL,1
TTWEEWDREINEYTSRIESLIRESQEQQEKNEQELREL,1
VFQFLGRIIHHVGNFVHGFSHVF,1
WQEWEQKITALLEQAQIQQEKNEYELQKLDKWASLWEWF,1
YTSLIHSLIEESQNQQEKNEQELLELDKWASLWNWF,1
YVSGKARGWFYRHHY,1
YVSGKARGWFYRHHYESPHPRISSEVHIPLGDARLV,1
AEGIGALFLGFLGAAGSTMGARSMTLTVQARQL,1
AVGIGALFLGFLGAAGSTMGARSMTLTVQARQL,1
AIRDTNKAVQSVQSSIGNLIVAIKSVQDYVNKEIV,1
AKQARSDIEKLKEAIRDTNKAVQSVQSSIGNLIVA,1
ALDPIDISIELNKAKSDLEESKEWIRRSNQKLDSI,1
ARSDIEKLKEAIRDTNKAVQSVQSSIGNLIVAIKS,1
AVALVEAKQARSDIEKLKEAIRDTNKAVQSVQSSI,1
DISIELNKAKSDLEESKEWIRRSNQKLDSIGNWHQ,1
DPIDISIELNKAKSDLEESKEWIRRSNQKLDSIGN,1
EAKQARSDIEKLKEAIRDTNKAVQSVQSSIGNLIV,1
KLKEAIRDTNKAVQSVQSSIGNLIVAIKSVQDYVN,1
KQARSDIEKLKEAIRDTNKAVQSVQSSIGNLIVAI,1
LNNSVALDPIDISIELNKAKSDLEESKEWIRRSNQ,1
LVEAKQARSDIEKLKEAIRDTNKAVQSVQSSIGNL,1
RSDIEKLKEAIRDTNKAVQSVQSSIGNLIVAIKSV,1
SDIEKLKEAIRDTNKAVQSVQSSIGNLIVAIKSVQ,1
SVALDPIDISIELNKAKSDLEESKEWIRRSNQKLD,1
TAAVALVEAKQARSDIEKLKEAIRDTNKAVQSVQS,1
TLNNSVALDPIDISIELNKAKSDLEESKEWIRRSN,1
VEAKQARSDIEKLKEAIRDTNKAVQSVQSSIGNLI,1
ALDPIDISIELNKAKSDLEESKEWIRRSNQKLDS,1
AQITAAVALVEAKQARSDIEKLKEAIRDTNKAVQS,1
DPIDISIELNKAKSDLEESKEWIRRSNQKLDSIG,1
IDISIELNKAKSDLEESKEWIRRSNQKLDSIGNW,1
LDPIDISIELNKAKSDLEESKEWIRRSNQKLDSI,1
LKEAIRDTNKAVQSVQSSIGNLIVAIKSVQDYVNK,1
NSVALDPIDISIELNKAKSDLEESKEWIRRSNQK,1
PIDISIELNKAKSDLEESKEWIRRSNQKLDSIGN,1
QARSDIEKLKEAIRDTNKAVQSVQSSIGNLIVAIK,1
FKCRRWQWRMKKLGA,1
FKCRRWQWRMKKLGAPSITCVRRAF,1
RFLVCWKQKIWGKARPSMCTRRARF,1
TKCFQWQRNMRKVRGPPVSCIKRDS,1
TKCFQWQWNMRKVRGPPVSCIKRDS,1
TKCRRWQRNMRKVRGPPVSCIKRDS,1
CYCRIPACIAGERRYGTCIYQGRLWAFCC,1
FLPVLAGIAAKVVPALFCKITKKC,1
GHRRYFTFGGGYVYF,1
GIGKFLHSAGKFGKAFVGEIMKS,1
GLASTLTRWAHYNALIRAF,1
HEFVPLEVYTRHEIK,1
HRWRKRWRKWRWRKRWRK,1
KRWRKRWRKKRWRKRWRK,1
KTTSSIEFARLQFTY,1
KVLTTGLPALISWIKRKRQQ,1
LLGDFFRKSKEKIGKEFKRIVQRIKDFLRNLVPRTES,1
LRKLRKRLL,1
LRKRKRL,1
LRKRKRLLK,1
LRKRKRLRK,1
LRKRKRLRKLRKRKRLRK,1
LRTRKRGRK,1
LRTRKRGRKLRTRKRGRK,1
LRWRKRWRKLRWRKRWRK,1
LRWRKRWRKWRWRKRWRK,1
RLTRKRGLK,1
RRCICTTRTCRFPYRRLGTCIFQNRVYTFCC,1
RRWRKRWRKRRWRKRWRK,1
RRWRKRWRKWRWRKRWRK,1
RTRKGRK,1
RTRKGRR,1
RTRKRWRKRTRKRGRK,1
RWRKRGRKRWRKRGRK,1
RWRKRWRKRWRKRWRK,1
RWRKRWRKWRWRKRWRK,1
RWRKRWRWRKRWRWRKRW,1
TARLQLEARLQHLVAEILEREQSLA,1
TARLQLEARLQHLVAEILEREQSLALHALGYQLAFV,1
TTPKFTVAWDWVPKR,1
VFQFLGKIIKKVGNFVKGFSKVF,1
VVCACRRALCLPLERRAGFCRIRGRIHPLCCRR,1
WRWRKRWRK,1
WRWRKRWRKWRWRKRWRK,1
YDHIQDHVNTMFSRLATSWCLLQNKERALWAEAA,1
LRKRKRLLRKRKRL,1
RTRKRGRRTRKRGR,1
GIGKFLHSAKKFGKAFVGEIMNS,1
ILPWKWPWWPWRR,1
GMASKAGAIAGKIAKVALKAL,1
GIGKFLKKAKKGIGAVLKVLTTGL,1
ALSKALSKALSKALSKALSKALSK,1
KKLLKKLKKLLKKL,1
IDISIELNKAKSDLEESKEWIRRSNQKLDSIGNWH,1
LDPIDISIELNKAKSDLEESKEWIRRSNQKLDSIG,1
NNSVALDPIDISIELNKAKSDLEESKEWIRRSNQK,1
NSVALDPIDISIELNKAKSDLEESKEWIRRSNQKL,1
PIDISIELNKAKSDLEESKEWIRRSNQKLDSIGNW,1
SIELNKAKSDLEESKEWIRRSNQKLDSIGNWHQSS,1
VALDPIDISIELNKAKSDLEESKEWIRRSNQKLDS,1
CATCEQIADSQHRSHRQMV,1
CATCQIADSHRSHRQMV,1
PPWCCCSPMKRASPPPAQSDLPATPKCPP,1
RRKKAAVALLPAVLLALLAP,1
RRKKAVLLALLAP,1
RRKKLPAVLLALLAP,1
RRKKPAVLLALLAP,1
RRKKVLLALLAP,1
RRKKAAVALLAVLLALLA,1
RRKKVALLAVLLALLA,1
GLLRKGGEKIGEKLKKIGQKIKNFFQKLVPQPEQ,1
RKAVLLALLA,1
RKKLAVLLALLA,1
RRKKAAAAAAAAA,1
RRKKLAVLLALLA,1
RRKKLLAVLLALLA,1
HGVSGHGQHGVHG,1
KWKVFKKIEKMGRNIRNGIVKAGPAIAVLGEAKAL,1
ADRDQYELL,1
DQKDEYELL,1
DLGPPISLERLDVGTNLGNAIAKLEDAKELLESSD,1
IDLGPPISLERLDVGTNLGNAIAKLEDAKELLESS,1
LERLDVGTNLGNAIAKLEDAKELLESSDQILRSMK,1
LGPPISLERLDVGTNLGNAIAKLEDAKELLESSDQ,1
LHRIDLGPPISLERLDVGTNLGNAIAKLEDAKELL,1
PISLERLDVGTNLGNAIAKLEDAKELLESSDQILR,1
PPISLERLDVGTNLGNAIAKLEDAKELLESSDQIL,1
RIDLGPPISLERLDVGTNLGNAIAKLEDAKELLES,1
SLERLDVGTNLGNAIAKLEDAKELLESSDQILRSM,1
LFRLIKSLIKRLVSAFK,1
ECKFTVKPYLKRFQVYYKGRMWCP,1
GIKCRFCCGCCTPGICGVCCRF,1
GFIFHIIKGLFHAGKMIHGLV,1
CDSCERCWYVWLILLRVRLRLLVSL,1
CTMCRYQQNCFTRRLIVGGMLLVFV,1
PPDVHTPPHALWRLHLSLRVCLVRMWIH,1
DASISQVNEKINQSLAFIRKSDELLHNVNAGKSTT,1
DEFDASISQVNEKINQSLAFIRKSDELLHNVNAGK,1
EFDASISQVNEKINQSLAFIRKSDELLHNVNAGKS,1
FPSDEFDASISQVNEKINQSLAFIRKSDELLHNVN,1
FYDPLVFPSDEFDASISQVNEKINQSLAFIRKSDE,1
PLVFPSDEFDASISQVNEKINQSLAFIRKSDELLH,1
PSDEFDASISQVNEKINQSLAFIRKSDELLHNVNA,1
VFPSDEFDASISQVNEKINQSLAFIRKSDELLHNV,1
YDPLVFPSDEFDASISQVNEKINQSLAFIRKSDEL,1
DASISQVNEKINQSLAFIRKSDELLHNVNAGKSIT,1
DPLVFPSDEFDASISQVNEKINQSLAFIRKSDELL,1
KKRKRRFLGFLLGVGSA,1
SDEFDASISQVNEKINQSLAFIRKSDELLHNVNAG,1
SSVITSLGAIVSCYGKT,1
VITIELSNIKENKCNGAKVKLIKQELDKYKNAV,1
YTSVITIELSNIKENKCNGAKVKLIKQELDKYK,1
IQKEIDRLNEVAKNLNESLI,1
PTTFMLKYDENGTITDAVDC,1
QYGSFCTQLNRALSGIAAEQ,1
YQDVNCTDVSTAIHADQLTP,1
GVFVFNGTSWFITQRNFFS,1
GYFVQDDGEWKFTGSSYYY,1
GYHLMSFPQAAPHGVVFLHVTW,1
IQKEIDRLNEVAKNLNESLIDLQELGK,1
NGIGVTQNVLYENQKQIANQFNKAISQIQESLTTTSTA,1
VYINKLTPPCGTMYYACEAV,1
AALYKKKIIKKLLES,1
KNGRKLCLDLQAALY,1
KWKLFKKIGIGKFLHAAKKF,1
KWKLFKKIGIGKFLHFAKKF,1
KWKLFKKIGIGKFLHWAKKF,1
RRKKAAVAALPAVLLALLAP,1
RRKKAAVALAPAVLLALLAP,1
RRKKAAVALKPAVLLALLAP,1
RRKKAAVALLKAVLLAALAP,1
RRKKAAVALLKAVLLALAAP,1
RRKKAAVALLKAVLLALKAP,1
RRKKAAVALLPAVALALLAP,1
RRKKAAVALLPAVKLALLAP,1
RRKKAAVALLPAVLAALLAP,1
RRKKAAVALLPAVLEALLAP,1
RRKKAAVALLPAVLKALLAP,1
RRKKAAVALLPAVLLAKLAP,1
RRKKAAVALLPAVLLALL,1
RRKKAAVALLPAVLLALLA,1
RRKKALLPAVLLALLAP,1
RRKKAVALLPAVLLALLAP,1
RRKKLLPAVLLALLAP,1
RRKKVALLPAVLLALLAP,1
CGYRGLCRRFCHAQEYIVGHHGCPRRYRCC,1
CDVIALLACHLNT,1
CDVIALLCHLNTPSF,1
CDVIALLCHLNTPSFNTTHYRESWY,1
DTRACDVIALLCHLNT,1
SCASRCKGHCRARRCGYYVSVLYRGRCYCKCLRC,1
ACYCRIPACIAGERRYGTCIYQGRLWAFCC,1
ALWKTLLKKVLKAAAK,1
ALWKTLLKKVLKAAAKAALNAVLVGANA,1
ALWMTLLKKVLKAAAK,1
ALWMTLLKKVLKAAAKAALNAVLVGANA,1
ARATCYCRTGRCATRESLSGVCEISGRLYRLCCR,1
FDASISQVNEKINQSLAFIRKSDELLHNVNAGKST,1
KPKQIKPPLPSV,1
NNLLRAIEAQQHLLQLTVWQIKQLQARILAVERYLKDQ,1
SVITIELSNIKENKCNGTDAKVKLIKQELDKYKNA,1
TSVITIELSNIKENKCNGTDAKVKLIKQELDKYKN,1
VITIELSNIKENKCNGTDAKVKLIKQELDKYKNAV,1
CVCVKTTSLVRPRHI,2
RRKKLAALPLVLAAPLAVLA,2
RWRWRWRW,2
RWRWRWRWRW,2
SDDPKESEGDLHCVC,2
ALNTLVKQLSSNFGAISSVLNDILSRLDKVEAEVQIDRL,2
FKLPLGINITNFRAILTAFS,2
FNKAISQIQESLTTTSTALGKLQDVVNQNAQALNTLVKQL,2
GIGVTQNVLYENQKQIANQF,2
GINASVVNIQKEIDRLNEVAKNLNESLIDLQELGK,2
IDRLITGRLQSLQTYVTQQLIRAAEIRASANLAATK,2
IDRLNEVAKNLNESLIDLQELGKYEQYIKWPW,2
INASVVNIQKEIDRLNEVAKNLNESLIDL,2
INASVVNIQKEIDRLNEVAKNLNESLIDLQELGK,2
INASVVNIQKEIDRLNEVAKNLNESLIDLQELGKYEQYI,2
IQKEIDRLNEVAKNLNESLIDLQELGKYEQYIKWPW,2
ISGINASVVNIQKEIDRLNEVAKNLNESLIDLQELGK,2
LDKYFKNHTSPDVDLGDISGINASVVNIQKEIDRLNEVAK,2
PALNCYWPLNDYGFYTTSGI,2
QPELDSFKEELDKYFKNHTSPDVDLGDISGINASVVNIQ,2
RDVSDFTDSVRDPKTSEILD,2
SNNTIAIPTNFSISITTEVM,2
VLYNSTFFSTFKCYGVSATK,2
VVNIQKEIDRLNEVAKNLNESLIDLQELGK,2
VVNIQKEIDRLNEVAKNLNESLIDLQELGKYEQYIKWPW,2
YVTQQLIRAAEIRASANLAATKMSECVLGQSKRVDFCGKG,2
ENKCNGTDAKVKLIKQELDKYKNAVTELQLLMQST,2
IELSNIKENKCNGTDAKVKLIKQELDKYKNAVTEL,2
IKENKCNGTDAKVKLIKQELDKYKNAVTELQLLMQ,2
ITIELSNIKENKCNGTDAKVKLIKQELDKYKNAVT,2
KENKCNGTDAKVKLIKQELDKYKNAVTELQLLMQS,2
LSNIKENKCNGTDAKVKLIKQELDKYKNAVTELQL,2
NIKENKCNGTDAKVKLIKQELDKYKNAVTELQLLM,2
SNIKENKCNGTDAKVKLIKQELDKYKNAVTELQLL,2
TIELSNIKENKCNGTDAKVKLIKQELDKYKNAVTE,2
CGRCLQRACCKYCRLKCRLILFVIF,2
CVTCKSTVLCDKMQHPCRRGPRCISC,2
LLPIVGNLLNSLL,2
SLIGGLVSAFK,2
LFGLIPSLIGGLVSAFK,2
LQMDDFELL,2
CACIADHSH,2
CTCIADHRH,2
EEDDLAVLLALLA,2
RRKKAALLVLAALAVLA,2
RRKKAAV,2
RRKKAAVA,2
RRKKAAVAL,2
RRKKAAVALL,2
RRKKAAVALLP,2
RRKKAAVALLPA,2
RRKKAAVALLPAV,2
RRKKAAVALLPAVLL,2
RRKKALLAP,2
RRKKLALLAP,2
RRKKLAP,2
RRKKLLAP,2
AYQPLLSNTLAELYV,2
CIVEEVDARSVYPYD,2
CKNKEKKCCKNKEKKC,2
CPPPTGATVVQFEQP,2
CYSRPLVSFRYEDQG,2
DCIGKDARDAMDRIF,2
DDHETDMELKPANAA,2
DMELKPANAATRTSR,2
DNATVAAGHATLREH,2
DPKPKKNKKPKNPTP,2
DPTARLQLEARLQHLVAEILEREQSLALHA,2
DSGLLDYTEVQRRNQ,2
DVMAVSTCVPVAADN,2
DVREEEQLGERATGLNLNI,2
DYTEVQRRNQLHDLR,2
EARKLNPNAIASVTV,2
EEYAYSHQLSRADIT,2
EFVLATGDFVYMSPF,2
EPCTVGHRRYFTFGG,2
EQSRKPPNPTPPPPG,2
EVDEMLRSEYGGSFR,2
FEDRAPVPFEEVIDK,2
FSSDAISTTFTTNLT,2
FTFGGGYVYFEEYAY,2
GATVVQFEQPRRCPT,2
GENNELRLTRDAI,2
GGFLIAYQPLLSNTL,2
GGSFRFSSDAISTTF,2
GHRYSQFMGIFEDRA,2
GIGKFLKKAKKFGKAFVKILKK,2
GRRVSARMLGDVMAV,2
GSHTEHTTYAADRFK,2
GTPGVAAATQAANGG,2
GTTVNCIVEEVDARS,2
GWHTTDLKYNPSRVE,2
GYVYFEEYAYSHQLS,2
HTTYAADRFKQVDGF,2
IAVVFKENIAPYKFK,2
IAWCELQNHELTLWN,2
IDLNITMLEDHEFVP,2
IEFARLQFTYNHIQR,2
INAKGVCRSTAKYVR,2
ISTTFTTNLTEYPLS,2
KDVTVSQVWFGHRYS,2
KENIAPYKFKATMYY,2
KNKKPKNPTPPRPAG,2
KNPTPPRPAGDNATV,2
LGRVAIAWCELQNHE,2
LHDLRFADIDTVIHA,2
LQFTYNHIQRHVNDM,2
LQLEARLQHLVAEILER,2
LQNHELTLWNEARKL,2
LQVAERLTRKYNELLKSYQ,2
LRDIKAENTDANFYV,2
LRKEKKRLLLRKEKKRLL,2
LRSEYGGSFRFSSDA,2
LSNTLAELYVREHLR,2
LTLWNEARKLNPNAI,2
LVSFRYEDQGPLVEG,2
MDRIFARRYNATHIK,2
MTKWQEVDEMLRSEY,2
NELRLTRDAIEPCTV,2
NFHAMFQPFLEMIHEAQQ,2
NHIQRHVNDMLGRVA,2
NNLETTAFHRDDHET,2
NPNAIASVTVGRRVS,2
NYTEGIAVVFKENIA,2
PANAATRTSRGWHTT,2
PATPAPPPLGAAPTG,2
PLGEEMRDRARAHVDALRTHLA,2
PLVEGQLGENNELRL,2
PPNPTPPPPGASANA,2
PPPLGAAPTGDPKPK,2
PPPPGASANASVERI,2
PRPAGDNATVAAGHA,2
PSRVEAFHRYGTTVN,2
PSVCTMTKWQEVDEM,2
PVLDEFREKLNEELEALKQKMK,2
PYSDELRQRLAARLEALKENGG,2
QFEQPRRCPTRPEGQ,2
QFMGIFEDRAPVPFE,2
QLGENNELRLTRDAI,2
QRRNQLHDLRFADID,2
QVDGFYARDLTTKAR,2
RADITTVSTFIDLNI,2
RALVDTLKFVTQAEGAK,2
REHLREQSRKPPNPT,2
RHEIKDSGLLDYTEV,2
RPEGQNYTEGIAVVF,2
RRCPTRPEGQNYTEG,2
RSLEGTDRFPFVRLKNSRKLEFKDIKGIKREQFVKIL,2
RVDLGDCIGKDARDA,2
SHQLSRADITTVSTF,2
SMRISSRPGACYSRP,2
SQVWFGHRYSQFMGI,2
SRPGACYSRPLVSFR,2
STCVPVAADNVIVQN,2
SVERIKTTSSIEFAR,2
SWLSKTAKKLENSAKKRISEGIAIAIQGGPR,2
TAAGDARANAVAKAGLHDLNIETDTERNH,2
TAFHRDDHETDMELK,2
TGDFVYMSPFYGYRE,2
TLREHLRDIKAENTD,2
TMLEDHEFVPLEVYT,2
TRDAIEPCTVGHRRY,2
TRNLLTTPKFTVAWD,2
TRTSRGWHTTDLKYN,2
TTKARATAPTTRNLL,2
TTNLTEYPLSRVDLG,2
TVAWDWVPKRPSVCT,2
VAADNVIVQNSMRIS,2
VCRSTAKYVRNNLET,2
VDARSVYPYDEFVLA,2
VEGQLGENNELRLTRDAIE,2
VFQFLGKIIHHVGNFVHGFSHVF,2
VGQPQYYLANGGFLI,2
VIVQNSMRISSRPGA,2
VTDYGKDLMEKVKEWLNS,2
VTDYGKDLMEKVKSPELQ,2
VYPYDEFVLATGDFV,2
WVPKRPSVCTMTKWQ,2
YARDLTTKARATAPT,2
YEDQGPLVEGQLGEN,2
YGYREGSHTEHTTYA,2
YMSPFYGYREGSHTE,2
YQFHLVLHEALRAQALSRQLILGRELAQELVAELAT,2
YYQANGGFLIAYQPL,2
AAATQAANGGPATPA,2
AAGHATLREHLRDIK,2
AANGGPATPAPPPLG,2
AAPTGDPKPKKNKKP,2
ADRFKQVDGFYARDL,2
AELYVREHLREQSRK,2
AENTDANFYVCPPPT,2
AFHRYGTTVNCIVEE,2
AKYVRNNLETTAFHR,2
ANFYVCPPPTGATVV,2
ARLAEYHAKATEHLSTLSEKAK,2
ARMLGDVMAVSTCVP,2
ARRYNATHIKVGQPQ,2
ASANASVERIKTTSS,2
ASVTVGRRVSARMLG,2
ATAPTTRNLLTTPKF,2
ATHIKVGQPQYYQAN,2
ATMYYKDVTVSQVWF,2
DITLNNSVALDPIDISIELNKAKSDLEESKEWIR,2
NDITLNNSVALDPIDISIELNKAKSDLEESKEWIR,2
TPNDITLNNSVALDPIDISIELNKAKSDLEESKEW,2
VALDPIDISIELNKAKSDLEESKEWIRRSNQKLD,2
YTPNDITLNNSVALDPIDISIELNKAKSDLEESKE,2
GRKKRRQRRRC,2
ANGSRIPTGERVWDRGNVTL,2
AQLLESVLQEERILALHAQARERLT,2
ARANVKHLKILNT,2
ARLKNNNRQVCID,2
CALQIVARLKNNN,2
CGTCVRDCWPETGSVRFPFH,2
CPCRFFES,2
CRANGSRIPTGERVWDRGNV,2
CSCRANGSRIPTGERVWDRG,2
DLEAVPFVNRTTPFTIRGPL,2
DPKLKWIQEYLEK,2
ELSEWGVPCVTCILDRRPAS,2
ETGSVRFPFHRCGTGPRLTK,2
FFESHVARANVKH,2
GAPASVLGSRPFDYGLKWQS,2
GICICICGRGICYCICGR,2
GICICICGYGICRCICGR,2
GICYCICGRGICRCICGR,2
GLTGGFYEPLVRRCSELMGR,2
GNQGRGNPVRSPLGFGSYTM,2
GSRIPTGERVWDRGNVTLLC,2
HLKILNTPNCALQ,2
HWSHGQNQWPLSCPQYVYGS,2
ILNTPNCALQIVA,2
ISSEVHIPLGDARLV,2
ITTYWGLHTGERDWHL,2
IVWQVDRM,2
KCPTPAIEPPTGTFGFFPGV,2
KNNNRQVCIDPKL,2
KPVSLSY,2
KPVSLSYR,2
KPVSLSYRC,2
KPVSLSYRCP,2
KPVSLSYRCPCRFFE,2
KPVSLSYRCPCRFFES,2
LGDARLVITTYWGLHT,2
LGSSDRDTVVELSEWGVPCV,2
LQARILAVERYLKDQQQ,2
LSCPQYVYGSVSVTCVWGSV,2
LSSGRPDGFIHVQGHLQEVD,2
LSYRCPCRFFES,2
MENRWQVM,2
NRQVCIDPKLKWI,2
NVKHLKILNTPNC,2
PCRFFES,2
PCRFFESHVARAN,2
PFDYGLKWQSCSCRANGSRI,2
PPINNCMPLGTEVSEALGGA,2
PVSLSYRCPCRFFES,2
QAVGWGDPITHWSHGQNQWP,2
QIVARLKNNNRQV,2
RCGTGPRLTKDLEAVPFVNR,2
RCPCRFFES,2
RHHYESPHPRISSEV,2
RIRTWKSLVKHHM,2
RNPVCPGYAWLSSGRPDGFI,2
SHVARANVKHLKI,2
SKIDVWSLVPVGSASCTIAA,2
SLSYRCPCRF,2
SLSYRCPCRFFES,2
SSESFTLLEQWNNWKLQLAEQWLEQINEKHYLEDIS,2
SWFASTGGRDSKIDVWSLVP,2
TCILDRRPASCGTCVRDCWP,2
TEVSEALGGAGLTGGFYEPL,2
TGTFGFFPGVPPINNCMPLG,2
TKIRDSLHLVKCPTPAIEPP,2
TPNCALQIVARLK,2
TTPFTIRGPLGNQGRGNPVR,2
VCIDPKLKWIQEY,2
VGSASCTIAALGSSDRDTVV,2
VRRCSELMGRRNPVCPGYAW,2
VSLSYRCPCRFF,2
VSLSYRCPCRFFES,2
VSVTCVWGSVSWFASTGGRD,2
YRCPCRFFES,2
YRCPCRFFESHVA,2
SVSVGMKPSPRP,2
SVSVGTKPRPRP,2
SVSWGMKPSPRQ,2
TSYHRSA,2
CKWEEAKVKFHCQRTQSQPGSW,2
CTSDLPSSWGYMNCNCTNSSSS,2
EGPTLGNGAREIWATLFKKA,2
FHCQRTQSQPGSWFRAISSWKQ,2
FLYTAFAMQELGCNQNQFFC,2
GGKMLYNKVTKQLSYCTDPL,2
GKINISLCLTGGKMLYNKVT,2
GNTPNVSGANPVDCTMYSNK,2
GSWFRAISSWKQRNRWEWRPDF,2
GWWNQMAYYNSCKWEEAKVK,2
IFWDCWAPEEPACQDFLGAMIH,2
KIPLELWTRYNMTINQTIWN,2
KQRNRWEWRPDFKSKKVKISLPC,2
KRWNETITGPSGCANNTCYN,2
KSKKVKISLPCNSTKNLTFA,2
LKAKTNISIREGPTLGNWAR,2
MPEVEGEEIQPQMELRRNGR,2
NIAGNWSCTSDLPSSWGYMN,2
NMTINQTIWNHGNITLGEWY,2
PNQTCMWNTSQIQDPEIPKC,2
PPLVVPVEESEIIFWDCWAPEE,2
PQMELRRNGRQCGMSEKEEE,2
PVDCTMYSNKMYNCSLQNGF,2
QIPLINYTFGPNQTCMWNTS,2
QIQDPEIPKCGWWNQMAYYN,2
RNKSNLHTEARFRIRCRWNV,2
SGCANNTCYNVSVIVPDYQC,2
TGAWIEFGCHRNKSNLHTEA,2
TLVDCIRNCIHKILGYTVIA,2
YLDRVDTWLQGKINISLCLT,2
FDSQQGWFEGWFNRS,2
GLVRDNMAKLRERLK,2
KQRQQLFDSQQGWFEGWFNRSPWFT,2
QRQQLFDSQQGWFEG,2
RERLKQRQQLFDSQQ,2
YADHTGLVRDNMAKL,2
TTVKVHASDERLGPMPCRPKEIVSSAGPVM,2
VEDTLYGDHECGSLLQDAALYLVDGMTNTI,2
VKQCRWCGFDFDGPDGLPHYPIGKCILANE,2
VPTHLATDVELKEIQGMMDASEGTNYTCCK,2
WCNWHNIDPWIQLMNRTQADLAEGPPVKEC,2
FDIVKKIAGHIAGSI,2
GLFDIVKKIAGHIA,2
GLLQTIKEKLKEFAGGVVTGVQS,2
LDIVKKVVGAFGSL,2
AVSNPEATKC,2
CIKRDSP,2
DSHAKRHHGYKRKFHEKHH,2
FIQYLAPLIPHAVKAISDLI,2
FKCRRWQWRMKKAGA,2
FLEGFLVPKVVPGPTAALLKKALDD,2
GFMKYIGPLIPHAVKAISDLI,2
GLIQTIKEKLKELAGGLVTGIQS,2
GLLASLGKVLGGYLAEKLKP,2
GLLASLGKVLGGYLAEKLKPK,2
GLLDIVTGLLGNLIVDVLKPKTPAS,2
GLLGSIGKVLGGYLAEKLKPK,2
GLLGSIGNAIGAFIANKLKP,2
GLLGSIGNAIGAFIANKLKPK,2
GLLQTIKEKLKELATGLVIGVQS,2
GLLQTITEKLKEFAGGLVTGVQS,2
GLWQLIKDKFKDAATGFVTGIQS,2
GLWQLIKDKIKDAATGFVTGIQS,2
GLWQLIKDKLKDAATGFVTGIQS,2
GRRRRSVQW,2
ILGTILGLLKSL,2
INWLKLGKAIIDAL,2
IVSYPDDAGEHAHKMG,2
KKKKKKKK,2
KKKKKKKKLLLLLLLL,2
KKWWKAKKFANSGPNA,2
KKWWKAQKAVNSGPNA,2
KLAKKLAKLAKKLAKLAKKLA,2
KVLKVLKVL,2
KWKSFIKKLTSAAKKVVTTAKPLISS,2
LKLKLKLKLKLKLK,2
LKLKLKLKLKLKLKLK,2
RGGRLTYTRPRFTVTVGR,2
RKVRGPPVSCIKRDSP,2
RNMRKVR,2
RRFPWWWPFRR,2
TGCFQWQRN,2
TKCFGWGRN,2
TKCFQWQGN,2
TKCFQWQRN,2
VRNRVIARVGGVPYVGGPCYN,2
VRRFPWWWPFLRR,2
WALRWALRWALRWALRWALR,2
IIYCNRRTGKC,2
YCNRRTGKCQRM,2
KCRRWQWRMKKLGAPSITCVRRA,2
GPPISLERLDVGTNLGNAIAKLEAKELLESSDQI,1
KVLHLEGEVNKIALLSTNKAVVSLSNGVSVLTS,1
DFLEENITALLEEAQIQQEKNMYELQKLNSWDVFG,1
EGPTLGNWAREIWATLFGKA,1
NWAREIWATLFKKA,1
FAIKWEYVLLLFLL,1
SWLRDIWDWKCEVLSDFK,1
SWLRDIWDWLCEVLSDFK,1
SWLRDIWDWICEVLSDFK,1
SWLRDIWDWICEVLSD,1
TWLRAIWDWVCTALTDFK,1
VANDPIDISIELNKAKSDLEESKEWIRRSNQKLDSD,1
ANTAFVSSAHNTQKIPAGAPFNRNLRAMLADLRQNAAFAG,1
EQCREEEDDR,1
GGTIFDCGETCFLGTCYTPGCSCGNYGFCYGTN,1
GICRCICGKGICRCICGR,1
GICRCICGRGICRCICGR,1
GIKEWKRIVQRIKDFLRNLV,1
GLPVCGETCVGGTCNTPGCTCSWPVCTRN,1
GVCRCLCRRGVCRCICRR,1
KTCENLADTY,1
LEAIPCSIPPCFLFGKPFVF,1
LEAIPISIPPELAFAKPFVF,1
LEAIPMSIPPEVFFGKPFVF,1
LSYRCPCR,1
WMEWDREIEELAKKAEELAKKAEELAKKAWASLWNWF,1
YALLIRMIYKNI,1
YQLLARMIYKNI,1
YQLLIAMIYKNI,1
YTSLIHSLIEESQNQQEKNEQELLEFDKWASLWNWF,1
YTSLIHSLIEESQNQQEKNEQELLELNKWASLWNWF,1
GLFGVLGSIAKHVLPHVVPVIAEKL,1
DWHLGQGVSIEWRKK,1
FLFPLITSFLSKVL,1
GLFDIIKKIAESW,1
GWLKKIESIIDAF,1
HVDKKVADKVLLLKQLRIMRLLTRL,1
TTWEAWDRAIAEYAARIEALIRAAQEQQEKNEAILREL,1
TTWEAWDRAIAEYAARIEALIRASQEQQEKNEAELREL,1
ELNKAKSDLEESKEWIRRSNQKLDSIGNWHQSSTT,1
IELNKAKSDLEESKEWIRRSNQKLDSIGNWHQSST,1
AAHLIDALYAEFLGGRVLTT,1
HRWRKRWRKHRWRKRWRK,1
KRWRKRWRKWRWRKRWRK,1
RTRKRGRKRTRKRGRK,1
RGGKIAGKIAKIAGKIAKIAGKIA,1
ISIELNKAKSDLEESKEWIRRSNQKLDSIGNWHQS,1
RRKKAAVALLPAVLLA,1
RRKKAAVALLPAVLLAL,1
GPPISLERLDVGTNLGNAIAKLEDAKELLESSDQI,1
HRIDLGPPISLERLDVGTNLGNAIAKLEDAKELLE,1
ISLERLDVGTNLGNAIAKLEDAKELLESSDQILRS,1
CGECGGGHIVGRFCMVVRFLRLVFI,1
CRCCELKSLCPTLMRVVRLLGLVLL,1
LVFPSDEFDASISQVNEKINQSLAFIRKSDELLHN,1
KWKLFKKIGIGKFLHVAKKF,1
CDVIALLCHLNT,1
GDISGINASVVNIQKEIDRLNEVAKNLNESLIDLQELGKY,2
PDVDLGDISGINASVVNIQKEIDRLNEVAKNLNESLIDLQ,2
ELSNIKENKCNGTDAKVKLIKQELDKYKNAVTELQ,2
CATCIADHRSH,2
KKLAVLLALLA,2
RRKKAAVALLPAVL,2
RRKKLLALLAP,2
DARDAMDRIFARRYN,2
DLKYNPSRVEAFHRY,2
EVIDKINAKGVCRST,2
EYPLSRVDLGDCIGK,2
FADIDTVIHADANAA,2
HVNDMLGRVAIAWCE,2
KFMETVAEKALQEYRK,2
LEVYTRHEIKDSGLL,2
PVPFEEVIDKINAKG,2
PYKFKATMYYKDVTV,2
PYLDDFQKKWQEEMELYRQKVE,2
RLTGLLATSGFAFVNAAHANGAVCLSDLLGFLAHSRALAG,2
TVSTFIDLNITMLED,2
PNDITLNNSVALDPIDISIELNKAKSDLEESKEWI,2
APTSPGTPGVAAATQ,2
KPVSLSYRCPC,2
SPLGFGSYTMTKIRDSLHLV,2
EGPTLGNWAREIGATLFKKA,2
FNMTKAVEMVNIAGNWSCTS,2
GSDTSLIDTCGNTPNVSGAN,2
HKILGYTVIAMPEVEGEEIQ,2
KQLSYCTDPLQIPLINYTFG,2
LGCNQNQFFCKIPLELWTRY,2
VSVIVPDYQCYLDRVDTWLQ,2
NMAKLRERLKQRQQL,2
ELLFDGTNPSTEEMGDDFRSGLCPFDTSPV,2
TLKNRYYEPRDSYFQQYMLKGEYQYWFDLD,2
FKCRRWQARMKKLGA,2
GLLASLGKVFGGYLAEKLKPK,2
GLVSSIGKALGGLLADVVKSKGQPA,2
KAAKKAAKAAKKAAKAAKKAA,2
KKKSFIKLLTSAKVSVLTTAKPLISS,2
RVGGRVGGRVGGRVGGRVGG,2
TKCGQWQRN,2
NLFSALSLDTWVL,4
HNGPAHWHEHFPIANGERQSPIA,4
LLAVSLILLYLYGTRTHGLFKKL,4
NLGPPSFPHHRATLRLSEK,4
LLYTCLLWLLSSGLWTVQAMDPNAAYMNTSRHHRVLA,4
DRVKWTRSSAAKRAACLVAAAYALKTLYPIIGKRLKQSGH,4
MFVTDFRKEFYETVHNQRVLLFVASDVD,4
NAQMSEDSHSSSVRSQN,4
ALFLVALLAFLSLGSGCHHRLCHCSNGVFLCQDS,4
LLVCLTVMVLMSVWQQRKSKGKLP,4
GKVIKCKAAVLWEANKPFSLEEVEVAPPKAHEVRIKIVAT,4
IKCRAAVLWEKNKPFSIEEVEVAPPKAYE,4
DDREDLVYQAKLAE,4
EHVSSSEEPINIFQEIYKQEKNMAIHPRKE,4
VYRFFTRLGQIYQSWLDKSTPYTA,4
PGHQLDDIPSTNVYRPPPRHEDDEAEHALLHQN,4
GSRLPCGLAP,4
PCDPGPQKFFSFGTKTLYQSIDAPQSKFF,4
LLILTCLVASAVAMPKFPFRHTELFQTQRGGSSSSSS,4
SLLLAGFIPPSQGQEKSKTDCHAGVGGTIYEYG,4
KQRMEQYISSEESMDN,4
FLCLLRFCFSATR,4
SCWALLGTTFGCGVPAIHPVLSGLSRIVNGE,4
LTADFREDGDSRKVNLGVGAYRTDEGQPWVLPV,4
GCPVSDPFTTQRIPLDSTGY,4
LLFLCFHLRFCKVTYTSQEDLVEKKCLAKKYTHLSCD,4
EAEGESLESWLNK,4
EQLSKSTRDFIEGGADDSITRDDNIAAFKRIR,4
FLLLMSLYLLGSARGTSGQSDESSGSIDHQT,4
DGGWGWVVLGACFVV,4
ALTLPFLAAEIQ,4
CGACTCGAAAARLLTTS,4
QAQPVLVFKLTADFREDPDPRKVNLGVGAYRTDDS,4
ASELLLASTVFCLVLWVV,4
TRATSLGRPEEEEDELAHRCSSFMAPPVT,4
AVAAPEGGNKENAAVKGSSKVKV,4
KTHINIVVIGHVDSGKSTTTGHLIYKCGGIDKRTIEKF,4
AAAGGGGGGAAGRAYSFKVVLLG,4
GLRVFQSVKIKIGEAKNLPSYPGP,4
MQIFWHDGAESLYPAVWLRD,4
SQTHGIQQLLAAE,4
DESLESTRRILGLAIESQDAGIKTIT,4
MSMNSKQAFSMHPILHEPKYPHLHTSSE,4
KYEDCEDRHDGTSNGTARLPQLGTVGQSPYTSAPPLS,4
VLGDLQAAPEAQVSVQPNFQQDKFL,4
AGKVIKCKAAVLWELKKPFSIEEVEVAPPKAHE,4
FQNAQMSEDNHLSNTV,4
ADIIMEKLTEKQTEVETVMSEVSGFPMPQL,4
CFFLSLFNFCSSAIRRYYLGAVELSWNYIQSD,4
RVDHLLSAVESELQAGSEKGDPTERELRVA,4
SEEAEGPCQEANQEYQEPVCSPVPEPEPEPEP,4
LAGPWLALNRARTLGTRAVLAPKG,4
DTSVLLLLAVLLSFLLFLVRGHAKVHGHLPP,4
LARRHLSSAPEGLKQTPLDALHRARGGRMVPFAGWSL,4
IFILGYLLSPTLQQYQQIPPRDYENKNYFLVELNTTN,4
SFPVNRFNIADNTPPTLDF,4
YHGRGDGYD,4
EAGMYPGTLRSPG,4
MNASQVAGEEAPQSGHSVKVVLVGDGGCGKTSLMMVF,4
RLRNPPVNAISTTLLRDIKEGLQKAGRDHTIKAIVIC,4
PGAVRSPAQILQWQALPNTVPATSCQA,4
QRIRSFPDFPTPGV,4
SVTLPSICSHFNPLSLEELG,4
SRSLKAM,4
VIGAGVIGLSTALCIHERYHSVLQP,4
YPGPARPSSLGLGPPTYAPPGPAPAPPQYPDFAGYTH,4
PHKPFTIEDIEVAPPKAHEVRIKMVATGVCRSDDHA,4
FSVGPTSPSAVVLLYSKELK,4
IVMVGDGGVGKSAMTIQFIQSTFV,4
EMCILIDENDNKIGADTKKNCHLNENIDKGLLHRA,4
FVGWNALLLLFFWTRPAPGRLPSD,4
GSVTAMTVFFPLDTA,4
AGRGLCPHGARAKAAIP,4
KLVYMQLWIQLGSERGCGRAWPGEHLSSW,4
MLRKLWRRKLFSFPTKYYFLFLAFSVVTFTVLRI,4
LWLGLALLGTLGVLQTPAQASLQPN,4
DSHKSTTSETAPQPGSAVQGAHIS,4
SRCWFLAWNPAGTLLASCGGDRRIRIWG,4
DHLLSAVENELQ,4
STGCVIAGRLANVDENLKVLLIENGENNLN,4
IELFNAFPSLLRHFPGSHNTIFKNMTEQRK,4
AQKDLWDAIVIGA,4
RDIVNLKKSEFWNKGGPAWQKI,4
RSVLVKGCQPLLSAPREGPGHPRVPTGEGAGMSS,4
IGVFKNIEYMCSRTSSKTWGKDA,4
YITLCFWWAFSTSALVSSQQIPLK,4
RRSPSPTPTPGPSRRGPSLGASSHQHSRRRQGWLKEIR,4
AAAAAAAAAGETS,4
ALARELEELNVPGEIVESL,4
IIMLDVDPRRPAPQLTSRPYFSPH,4
HNNYKKNDELEFVRTGYGKDMVK,4
VEKTLTALPGLFLQNQPG,4
LSAASHRIPLSDGNSIPIIGLGTYSEPKSTPKGACATSV,4
FTFGKTKFAENIPSKFWF,4
AYQRALAAHPWKVQVLTAGSLMGLGDIISQ,4
LVAVALARPKHPINHRGLSPEV,4
LPGGGASLGAAREHVQAVTRNYITHPRITYRT,4
ALSQYTSLSTELVLATAIFCIVFWVARALRTQVPKGLK,4
ILTCLVAVAL,4
RNSYRKSPSRRNR,4
LLLALTTGFLIFLVSQSQPKTHGH,4
PPAGLLSDEDVVDSPILESTAADLRSVVRKDLLSDC,4
PTVAPGEV,4
IQLLFYVNGQKVVEKNVDPEMMLL,4
MDIEAYFERIGYNNPVYTLDLATLTEVLQH,4
FGRYAFTVRALSSLPDKKKEFLHNGP,4
TILVPTLSE,4
LLLGMRRRQTGEPPLENGIIPYLGCALQFGANPLEFL,4
VGRVAAAPASGALRRLTPSASLPPAQLLLRAAPTAVH,4
RNLRSIQMPRARTFS,4
AVEFLLDQSIADSPLAKKVEFLESKGLTQ,4
RPVPHRSKVCRCLFGPVDSEQLRRD,4
LFKELHEGLADKS,4
MTRRTTINPDSVVLNPQKFIQ,4
TALCIHELYHSALQPLDMTIYADRFTP,4
LDAITSKNPDDVVITAAYRTA,4
DEVSKYEKLAKIGQGTFGEVFKAR,4
PEYDYLFKLLLIGDSGVGK,4
IFSLYLMLDRGHLDYPRGP,4
ASDSEEEVCDERTSLMSAESPTPR,4
NDEVEFVRTGYGKDMV,4
DGSGEQPRGGGPTSSEQIMKTGA,4
CVPADINKEEEFVEEFNRLKTFANFPSG,4
NLTETHNFSSTNLD,4
ACGCPLYWKGPLFYGAGGERTGSVS,4
SDNPFNASLLDEDSNREREILDATAEAL,4
ERVFAAEALLKRRIRKGRMEYLVKWK,4
NVGHPQSSPQGPLTEQ,4
EPIVKSFHFVCLMIIIVGTRIQFSDGNEFA,4
AWGLRLGRGVG,4
FTCLLAVALAKNGIEQRSASEEI,4
NRLGSPQRDGPYSPSAQPQY,4
HLDKQQVQLLAEMCILI,4
SPPDRLSVFAESAHLPLSRPFYLDPMVTVHLCPETPVPA,4
GSEEEDMDALLNNS,4
LGRPSAGAVVAHPTSGTISSASFHPQQFQYTLD,4
LLLLSLWKQSYGGGKLPPGPTPFPILGNILQIGI,4
LLLVSAVFCLVFWAVRASR,4
KWNGWGDTRKFLHQLKPSGT,4
DSEGLTTQWREEDEEEA,4
AVIGAGVIGLSTALCIHERYHPTQPLHMKIYADRFTPFTT,4
MMSFLPYFSAETWTLLALLITLIVVYGYWPYGVFT,4
SPVFSMRTMHANLAHRGIF,4
IFIVFSVFNFGGDPSFQRLNISDPLRLTQVCTSFI,4
AGSVRMRDLRNPH,4
IPAASGPFPPNREILSGSRAP,4
SKGTSHEAGIVCRITKPALLVLNHET,4
FHNQKQVTRGFAGGVKTVTLIPGDGIGPEISA,4
TLKDITRRLKSIKNIQKITKSMKMVAAAKYARAE,4
LLSLWRQSS,4
ELVFFVNGKKVVEKNADPETTLLAYLRRKLGLRGTKLGC,4
AFTVSSETGSISSEESVEHINEKL,4
VVVLTCLSVMIIMSVWRQRRLLRKMPPGPTPLPFIGN,4
ASELLFYVNGRKVIEKNVDPETML,4
ENGPDQWSKLYP,4
SMSATEFLLASVIFCLVFWVIRASRPQVPKGLKNPPGPWG,4
KSLEECLEKHLPLPDLQEVKRVLYGKELRKLDLPREAFE,4
SNGSAECTGEGGSKEVVGTFKAKDLIVTPATIL,4
IPPSAKYGGILTVTMSPGDG,4
ASVVILMVTVLKL,4
LALTLPFLGAQEQ,4
ALLASALCTFVLPLLLFLAAIKLWDLYCVSG,4
WTVQAMDPNAAYVNMSNHHRG,4
LFSLWRQSCRRRKLPPGPTPLPII,4
QTQTCEAEKCEMV,4
RTPSDVKELVLDNCRSNEGKIEGLTDEFEELEFLSTINV,4
VSNGSPSLERMDARQAEHPKPSAC,4
VTQADVGSALANLKIPGVGS,4
SALVKACPPILSTVGEGWGHHRVGTGEGAGISTKTPRP,4
VARTGSCPLSAL,4
QNERTYEVPDQPEENESPHYDDVHEY,4
FVQTRAASIISDRDVEVDISLTR,4
PAVSLAVCALLFLLWVRLKGLEFVLIHQRWVFVCLFLLP,4
RTASRASAWVGNP,4
YCESPAAAMDAYYSPVSQSREGSSP,4
NAGGWFSSWFFSNTANEDQDDMLPSTSAAAGETNYARN,4
RCGGGARACRRACRCWLSGY,4
KLDFLGEGQFATVYKARDKNT,4
LVEMVQALYEAPAYHLILEG,4
GRRMDVTSSSASVRAFLQRGHTE,4
HLGRPSALQIVAHPVSGPASPANFCPEQFQYTLDNNVLSL,4
VLGHLAGRPESSSALQAAPCSATFPQASAS,4
LRNLFRRRLFSCPTKYYFMLLVLSLITFSVLR,4
SRFSVGSASPSSVLLYAKDL,4
CPRLSLRPQVPAVRRLGTGSLLLSARKFTDKHE,4
LFLAAVRLWDLYCASGRDPSCPLP,4
ALPACGLPSARHNSSMPVVRQALSPDNSSTVQNF,4
LALVCLLLTLSSRDKGKL,4
ASGLLLAALLACLTVMILLSV,4
FREVLHCLKMRSKYAVLLVFVVGLVIIEKENNFISRVSD,4
HAQKQLSKTSWDFIEGEADDGITYSENIAAFKRIRLR,4
AVLVLVFILSSLVFLSLWRQSSERRKLPPGPTPLPII,4
EPSYELQNAHSGLFHSSNEELTNRNQRYTNQNAS,4
IPQHRQWTELNSAHLPDKPSSMEQPTGESHGPLDSLRA,4
ALGEVEDEGLLASLFRDR,4
SGKDNGCGIPQHQQWTELNS,4
FLVEQMWAPLWSRSMRPGRWCSQRSCAWQTSNN,4
QQLSSLSTQQTTLLLLF,4
MSMLHLLAGIHSAPLASASVCS,4
PSETAVPPPHPIPPDGGWGWVVV,4
LMARGHPKAYGHLPPGPRPLP,4
ARNDLASLQQQAAAEAEDIRRWWSQPRWAGTKRVYTAE,4
RNRTPSDVKELVLDNCRS,4
DEDEKKSRGSKLG,4
SKVARSLAKYHPRVNHHRHC,4
HFLLVVNILAVTLPFLAADIQNQEQTTCRE,4
VHGMHPKETTRQLSLAVKDGL,4
MSDVYLRSRTAMERLASSDT,4
RTACTQEADDGKC,4
RAAQKADVLTTGA,4
KHPIKHQGLPQE,4
SAGCKVITSWDQMCIEKEANKTYNC,4
SEVSASAIVPCLSPPGSLVFEDFANLTPFVK,4
LHSSSSFSSQAVMMTKPMQEHKKEY,4
IAWEAGKPLCIEEVEVAPP,4
EFGVLLLLTLTVG,4
AVRSGNAAASSTP,4
AKNIKKGPAPFYPLEDGTAGEQLHKAMKRYALVPGTIA,4
STEGVPLSETNNRSHATPSAQYCQMTVEETCS,4
YPAGSLLRQSPQPRHTFYAGPRLSASA,4
ILSVFKTAKTGVLNAAAHRYRGFSKAGVRLMSVKAQTAN,4
NLRKFKSKLGDRRQEPRVTKSAIEKL,4
RKLESGGGGEGGEGTEEEDGAEREAALERPRR,4
KITELNPHLMCVLCGGYFIDATTII,4
EIKKPLSIEQIEVAPPKAHEVRIK,4
MWNALQDRDSAEV,4
PPGRGQEKSKTDCHGGMSGTIYEY,4
GAPWPAEPAPFYEPGR,4
LLFLSLWRPSSGRGKLPPGPTPLPI,4
LGAGPAPLLQ,4
SLETWVLLAASLVLLYLYGTSTHGLFK,4
ILKEQRQKGSASTLSSNGILDLKPVSEDNFYKWTAKL,4
AFAARTVVKPLGFL,4
MRRTGAPAQADSRGRGRARGGCPGGEATLSQPP,4
LPPDGGWGWVVVCASFISIGFSYAFPKAVTVFFKDIQ,4
IVAMGMILMAGICPAVLCFPDGTKEMDIVFHEHQDNG,4
RSSFYSQPSQSPTQPTYGRDDAEDQQQSLLRRSLASP,4
VSALSSTRLPGSFSGFLQAAALLGLL,4
IAWEAGKPLSIEE,4
DNVKFLKVKKDPQNPKKQEVMEATVTCLLEGGF,4
VKLLKKDPGNEVKLRLYALYKQATEGT,4
WEVGNYKRTVKRIDDGHRLC,4
AASRLRVESELGSLPKRALAQYLLL,4
SFEHMVQGSNINLGNIVTFTQFVSVTLIQLPNAL,4
SCLLSLLLAGFVSQSRGQ,4
SPCSVKHSPTRETL,4
PSVYGFPAFTSATEL,4
QRGLFPAILNLASNAHISTNATCGEKGPEMFCKLVEH,4
SDTGSKAPPTFKVSLMDQSVREGQDVIMSIRVQGEPKPV,4
FRLQAFPPALCRPLSCAQEVLRR,4
GPKQPLSIEEIEVAPPKRHEVRVKIVA,4
RLSASPGWEDGQGARVREKPPWRVLFFGNDQFARETL,4
PVLSRPRPWRGNTLKRTA,4
TPTSPSSPGLSPVPPPDKVDGFSRRSLRRARPRR,4
DTARIAVVGAGVVGLSTAVCISKLVPRCSVTII,4
LQVIIIGSRGVGKTSLMERFTDDTFCEACKS,4
TALARHKFHLGHLKLTQEQPESS,4
SNFHSREKCLTGLVLVTLCFLCFGGIFLLPDNFGSDR,4
PVVTKLLKFLDSSASREK,4
EQGFPLDLGASFTEDAPR,4
ASRLRAEAGLGALP,4
RRGFPRLAETLQHPMCPLPLVASAGHHRHHRLLLL,4
FLVSSCSPLENDDLFLVQVEPEVDPVVAAEAIGAKYV,4
FLSPVWQGPGLATGNGAGISSTN,4
AGKPLSIEEVEVAPPKAHEVRVQIIAASV,4
SDSRDPASDQMKQWKEQRASQRPDVLTTGGGNPIGDKLNI,4
LAKHEMDQGSSSEESINVSQQKFKQVKKVAIHP,4
LSSLLLLSLWRQSFGRGKLPPGPTPL,4
RRMDAPASAAAVRAFLERGHTELDTAFMYSDGQ,4
TVDTASAVRTPYDKARVFADLSPQEIKAVHSFLMNREEL,4
KEPLEFHAKRPWRPEEAVEDPDEED,4
GCSVGAEADRELEELLESA,4
GEQSVGKTSLITRFMYDSFDNTYQATIGIDF,4
ERYDDMAACMKSVTEQGAELSNEER,4
ELYTKYARVWIPDPEEVWKSAELLKD,4
MTISLIWGIAMVVCCCIWVIFDRRRRKAGEPPL,4
TEMSFLSSEVLVG,4
LMILPLIGSVSVSETLVAMITVCMI,4
ELFSPIAIAVLGSCVL,4
MFATPLRQPTNASGARPAVSMDGQETPFQYEITD,4
SRLLHGQIPCVLTRSVHSVAIVGAPF,4
LLWRKVAGATVGPGPVPA,4
DSPDPMNGASSNALIAKMNSAKLLYQHY,4
VIVTERVLLLVAP,4
NNQEVIDAISQAISQTPGCVL,4
PPDAGEDSKSENGENAPIYCICRKPDI,4
KKVVEKNADPETTLLVYLRRKLGLCGTKLGCGEG,4
CSRLLPSLAQEEG,4
KPPCRGCSSYLME,4
PHLSSSKNTPASGQPQEDLV,4
KNDFAALQAKLDADAAEIEKWWSDSR,4
LVNLCCPYFFQDIG,4
VDREQLVQKARLAEQAERYDD,4
RPLRRVVLFYQGKLCSMAGNFWQSSHYLQW,4
GAAGERKLCLLSLLLIGA,4
GERKNNNKRWYFTREQLENSPSRRFGVDPDKE,4
SRISNRLSSSATRT,4
MFRKLLKMWILLRPTHWLILIALCAVTCAGYWLLWSE,4
YETSRKTSYIFQQPQHGPWQTRMRKISNHGSLRV,4
HLRGPADSGWMPQAAPCLSGAPQAS,4
TSSSDAQQSLQSFW,4
NNPNNSNSHLRPHAYNNSRRDDSD,4
VVILASLSVMFLVSLWQQKIRERLPPGPTPLPFIGNY,4
LQSNSSQEKTLKERFSEIYPIHAQDVRQFVKEHGKTKISD,4
ICLSCLISFFLWNQNRAKGKLPPG,4
VVMNSLRVILQAS,4
TFISATELLLASAVFCLVFWVAGASKPRVPK,4
KNKKPTLILKIHVIQAENIEALKTFNC,4
ARPRLDLQLVQRFVRIQKVF,4
MLAKGLSLRSVLAKGCQPFLSPTWQSSVLATGGGANIS,4
DWSTYYGEPECYTSV,4
AAGLPGAALPLRKRPLRAPSPEPAAPRGAAGLVV,4
PPMPSAPPVHPPP,4
MLPRLICINDYEQHAKSVLPKSIYDYYRSGANDEE,4
LDSYDKFLVRNAASIGSIESTLRTVSYVLPGRFNDVE,4
SCPIDKRRPLIAFLRRLRD,4
RLGLWASGLILILGFLKLLRLLLRRQRLARAMD,4
FSPQRDRFQAEGS,4
GTLWALVFLGILVGMVVPSPAGTRANNTLLDSRG,4
MNRLLQKGTSLVPSWRTR,4
DLVKKVEPFSGTKSDVYKHF,4
MTTSLIWGIAIAACCCLWLILGIRRRQT,4
CVDYFAADVLMAISSGAVVHR,4
ATLANGMSLQPPLEEVS,4
GYGNYGYANSGYN,4
VFAVESIEKKRIR,4
KPGAPFSIEEVEVAPPKAKEVRI,4
PLTATNSGLAVNN,4
SFFLVVTILALTLPFLGAEVQN,4
VRACHKVCRCLLSGFGGRVDAGQPELLTER,4
LPFIGSVSVSESLVAMITMCLAYLILKFFRTEIPEGLR,4
ATSLVLLYLYGTYSHGLFKKLGIPG,4
TAGILLLLLLGTLEGS,4
MEPSILLLLALLVGFLLLLVRGH,4
MKNCFQLLCNLKVPAAGFKNTVKS,4
SVIHTQAHASGLQQVPQLVPAGPGGGGKAVAPSKQSK,4
NYSDVREDRVVTNSTGNPIN,4
VILASLSVMLLVSLWQQKIR,4
KPLGLLKPSSLMKVSGRFKAHQDA,4
FAGERGSEEVAETFRAKDLI,4
ARTLNNKLSLSKPKFSGFT,4
FDPYALSEHDEERPQNVQSKSRTAELQAEIDDTVGI,4
LLLVIIWTLFGPSGLGEELLSLSLASLLPAPASPGPP,4
WPGILVGGARVASCRYPALGPRLA,4
RSVKGLVALITGGASGL,4
AAAALRARILQVSSKVN,4
LLFYVNGRKVTEKNVDPETMLLPYL,4
TGCCIAGRLANLDDQNLTVAL,4
GSILGFLQIATVLTVLLLLLK,4
GQEQAQLYEITNKGYGKDAVKVMHINRKGPVHSIQELEV,4
AARQIGSCLMRCRTLDTTSP,4
FSNQPPVHRSPFEDPYPEDQPHFD,4
RSGPSRDSVKSYGDDKRSIND,4
WGCRGRRWAFARVDGGSCHRRGAPTGSTSNQIR,4
YAKPGAVRSPAQILQWQVLPNTVPAKS,4
RMAGPWLSLHEARLLGTRGAAAPKAV,4
SISNRAAVPEHGVAPDAERL,4
FARTMIGVFKNIEYMCKRTES,4
CLLLFSVWRQSSG,4
TPGSKISVIRSKRVIQANTISSCDIIISD,4
PNFSMETWLLLV,4
CISDYEQHVRSVLQKSV,4
QYVLSRYPSYGINYYQHRPVALTNSQF,4
ACRVALALAREKEEFKTAGE,4
PRPPSKTYRGAFQN,4
LLATVSGYFVSIDAHAEECFFERVTSGTKMG,4
GAPRLVLLFSGKRKSGKDFVTEA,4
SVLVKGCQPFLSAPRECPGHPRVGT,4
LVTPPKALLKPLSIPNQ,4
CVKLNDGHFMPVLGFGTYAPPEVPRSKALEVTKLA,4
ESGEGLGRKKS,4
KMQGSRMDEQRCS,4
VIADDLPPTCIRP,4
LPGGLRVLVQTGH,4
GWIWRWGWGRRCLGRPGLPGPGPGPATPLFLLLL,4
RGIRGSSAARPSGRRRDPAGRTTETGFNIFTQHD,4
EANKPLVIEEIEVDVPHANEIRIKII,4
GGTSSSDAQQSLQSFWPRVM,4
QQEKEFLESYPQNCPPDALPGTPGNLD,4
APARRVLQVKRVMQESSLSPAHL,4
KVAPGGPTGYPGNLTAEQEQKLGELKMILL,4
DRFPTTDDVYYIP,4
TAKYIPVHYVLSNYPHYEPSYY,4
CSAYKLVCYYTSWSQYREGDGSCFPDALDRFLCTHIIY,4
WEEKKPFSIEEVEVAPPKAHEVRIKMVA,4
SFTTPEHDFTLFPHRNHSVTSESRIPSEQTLKSLTDI,4
FLASYPQKCPAGSLPGTPGNTDE,4
MDAKARNCLLQHREALEKDIKTSY,4
ASRQLLVAPPEAL,4
VETWLLLAVSLVLLYLYGTRTHGLFKRLGIP,4
DNSKETVPPEIAKR,4
MISNGIGTVTTGKRSMCLFPLLLIGLWGC,4
MTLRNFGMGKRSIEDRVQEEARCLVEELRKTNASPC,4
SSSSSCYLEEALQRPVA,4
VMLNIRDICKSKSSKFWRRSAEEGRPGWQRIVV,4
AVFGLGGVGLSVIMGCKAAGASRIIAVDIN,4
VIKNIAHLCKRDRSKTWGKEGWKKVVV,4
AGLCSLVTSHLTEEIQASNDT,4
PNAKQSILQKNPDDVVIVAAYRTA,4
VMRNIAHFCSRSKSRVWGKDGWQKIVVCIVADG,4
AMELLLTATIFYLVLWVVKAFRLQVPKGLKSPPGP,4
TAGKVIKCKAAVLWQLNKPFSIEEVEVAPPKAHEVRI,4
LLAAGFCPAVLCH,4
AASVNDEQHQRIIKYGRALVLDIVEQ,4
LSFKDRVVVITGA,4
QLTGCENDERFFNDKTIKYIP,4
IARLREDGIQKRVIQEGRGELPDFQDG,4
ANVDFAFSLYRQLVSSAPDRNICISPVSVSMAL,4
TIILGGAWWTSAMDTKLQTKMKEIIDQHTSTWTPVVS,4
VKNHERFFDL,4
FIVVMNILALTLPFLAAEVQN,4
CQNGRRANRTVRFARTA,4
KKGILERLNAGEVVIGDGGFVFAL,4
CIFDREWTLASNSASG,4
WVTVRSQQRGLFPAI,4
LLRSCPLQGSPGRPRSV,4
VTILALTLPFLVAQEQIQEQPTGCEKDERFFN,4
LNDGHFMPVLGFGTYAPPEVPRNRAVEV,4
HLGRPSAPTIVAQPVSGLASPASFQPEQFQYTLDNNVLT,4
PTELQKERELTKF,4
RPEPGGCCCRRTVRANGC,4
SWVEENRASFQPPVCNKLMHR,4
VFHRVRWAPELGASLG,4
DGGWGWAVLFGCFVITGFSYAFP,4
SGSGSRGQEEAGAGGRARSWSPPPEVSRSAHVPSLQR,4
RAKVLTLDGMNPRVRRVEYAVRGPIVQRALELEQELRQ,4
LLQRARLAEQAERYDDMASAMKAVTELNEPLS,4
KSHRDPYATSVGHLIEKA,4
RHSDENDGGQPHKRRKTSDANETED,4
ALIQKLNSDPQFVLAQNVGTTHDLLDICLKRATVQRA,4
VSIAGTLLTVFFLTRLVLSF,4
AALPMLWTGLVLLGLLGFPQTPAQGHDTVQPNFQQ,4
QRRQNDSSVFLAIMVAAAVES,4
LVATSLVLLYIYGTHSHKLFKKLGIPGPTPLPFLGTI,4
CNAPGCGQRFTNEDHLAVHKHKHEMTLKFGPARTDS,4
LVLLTVQNSALILTLNYSRIMPGYD,4
TVLSPPQRFKRILQAMMLAVAVV,4
ISRGLLLLAALCCLAPSFL,4
DQHIKYTSHNKAGFIIDEE,4
VAGTESAQGPPGPAASLELWLNKATDPS,4
LLLVAVFTVYVFFHGAQYARGSAPSPKYSTVLSSGSGY,4
NSSDGFLEFSVGKFTYFVL,4
WLLLAVSLVLLYLYGTHSHGL,4
PIFPDSARLPLTRSFYLEPMVTFHVHPEAPVSSPY,4
PVDFKDKVVIITGAGGGLGKYYSLEFAKLGAKVVVNDLGG,4
LCSKANVYTEVPDGGWGWAVAVSF,4
QYLRIRTVQPEPDYGAAV,4
MVGGGGVGKSALTIQFIQSHFVDEYDPTIEDSYRKQC,4
ASPTQTPPTTSTIRVARRSRVALVAM,4
TAQWSVEDEEEAVHEQC,4
SVVQAVEPISLGLALAGVLTGYI,4
TIWRNQHTYKMATSASANLSKIVKKNYMELPQDGKVQ,4
LSITRGLLLLAALCCLAPIS,4
ISSVKFSPNTSQFLLVSSWDTSVRL,4
VALGPCYLQGTDPGASADAEGPQCPVTCTCSY,4
LSIETWVLLVTSLVLFYIYGTYSHGLFKK,4
HLSSSRSPSASDLPQEELVDQKCLLQKYTHRSCNKVF,4
VPYSWSWQVSLQYEKDGA,4
ILLSIWRQSSGRGKLPPGPIPLPIIGNIFQ,4
LLLLSWVALGPRSLEGADPGTPGEAEGPACP,4
LRVKRAMQEASFMPPLLPPAAHQRFSTVPAVP,4
GLLLLAGLCCLVFGIMAEDAQVAQGPSQQI,4
RHVGLLCATGPQRWRF,4
AAVALARPKPPLRHQEHLQNEPDS,4
SRVNDQSQASRNGLKGKVLTLDTMNPCV,4
AAALGPGVLQATRAFHTGQPRLAPLPPLPEYGGK,4
PFATVDIQDDCGITDEPQINLKRS,4
VFAAECILSKRLRKGKLEYLVKWRGWSSKH,4
LCTSGLWTAQASTNESSNSHRGLAPTNV,4
PAIQPVLSGLSRIVNGEEA,4
GCQASLSTAQERLGHPGVPTREGVR,4
GLSLRSVLVKGCQPFLSPTWQGPVLSTGKGAGTSTSS,4
RKVLILTLVVAACGFVLWSSNGR,4
FQSFHIVILGLDCAGKTTV,4
LPLGFSAIRRYYLGAVELSWDYRQ,4
GRVRSRCPGPALLLLLALAARPALAGPPAAALQ,4
PWVNIFLPVLAIFLIYIIF,4
KLVAPVTFRHHRYDDLVRTLYKVQNECPGITRVYSIGR,4
EPAGGCLCDQPVHIAVRGLAPEQ,4
STAVCISKMVPGCSITVISDKFTPETTSDVAAG,4
RPAHPLDPLSTAEIKAATNTVKSYFAG,4
CRITKPALLVLNQETAKVVQT,4
KAEVCMAVPWLSLQ,4
SHLELNNGTKMPTLGLGT,4
LTNAEEFTPKVTKTIAQDSFDILSFDD,4
WEPKKPFSIEEVEVAPPKAHEVRIKILAT,4
LLLPEAAAERDAREKLALWDRRPDTTAPL,4
PNDGHDHPEKKDPDTTPKQVAGV,4
LLALSLVLLYRYATYSHGFFKKLGIPGPKPLPLFGNVLS,4
YKLVVVGDGGVGKSALTIQLIQNHFVEEYDPTIEDSYR,4
EELNASGETVESLSSSEESITHIS,4
IIGLGTYSDPRPVPGKTFIAVKTAIDEGYRH,4
SGSRIHVFKWQDTE,4
VFLQVCIEASGWGAEVRDSCGCGDSSSHQTDDPATA,4
ITVKNPIVEMDGDEMTRIIWQFIKDKLILPY,4
LLSLWRQSSGRGKLPPGPTPLPVIGNILQIGIKD,4
EEDGDELARRCSTFMSSPVTELR,4
AFKSMEVANFYYEADCLAAAYGGKAAPAAPPADRPGPR,4
GSLSGTPGNLDSEQEAKLKEFRELLESLGTKERL,4
SLFWAARPLQRCGQLVRMAIRAQH,4
DIEAYFERIGYKNSVNKLDLATL,4
MRPPRTLTSTATMSALSTSMPMEIDDVMDEDAVNGQA,4
PWCDAEHRDIVNLKKSEFWNKGGPAWQKIVVCLVFDGIDP,4
LLSLIGFCWAQYDP,4
LWARSKNDQLRISFPPGLCWG,4
VSVSEGLVAIVTLCLVYMLM,4
PQGFDVDRDAKKLNKACKGMGTNEAAIIEILSG,4
PVSVSESLVAIITMCLVYMILK,4
LKYLSLGILVFQTTSLVLTMRYSRTLKEEGPR,4
IFCLILWVVKAWQPRLPKGLKSPPGPWGWPLLG,4
LDAASPGPLALLGLLFAATLLLSALFLL,4
VTLLFKLYCLA,4
ATRAAAARLVGTAASRTPAAARH,4
RNKLDLETLTDILEHQIR,4
RRLVLQARTYAQAAASPAPAAGPGQMSFTFASPTQVFF,4
DLTSNNPHFHISS,4
PGRSRSAADDINPAPANM,4
LLSALTLETWVLLAVILVLLYRLG,4
KGLVLGIYSKEKEEDEPQFTSAGEN,4
VMGHGLCPQGARAKAAIPAALRDHEST,4
FLVSIAGLLYALVQLGQPCDCLPPLRAAA,4
VRSVRAAVGGLRAISAPSAPCLPRPWGLRAG,4
GNVKKSSGAGGGTGSGGSGSGGLIG,4
FSLETWVLLAI,4
FYLTAETWTLLVAFVTLLLIYAYWPYGTFKRLGIPG,4
MIRIAALNASSTIEDDHEGSFKSHKIQTKEAQEAE,4
NDTFSVSDNVAVIVPETDTQVTY,4
MYYKFSSFTQKLAGAWASEAYTPQGLKPV,4
RGGCWPRGLQQLLVPGG,4
APATPPRPLKRKKLQFTDVTPESSP,4
EQAERYDDMAAAMKAVTEQGHELSNEERNL,4
MDIEAYYQRIGYKNPRNKLDLESLTDIFQHQIRTVPYEN,4
VLPVFAHCKEAPSTASSTPDSTEGGNDDSDFREL,4
TMKSTVLLSVFTVLATWAGLLEAHPLGD,4
MFCMAGLCLISFLHFFKTLSYVTFPRELASLSPNLIS,4
ALVGATFGCGVPTI,4
MPNDPSDNQLK,4
TELLLAITVFCLGFWVVRALRTQVP,4
GKTSPRREETSAFREPSRRRRRES,4
HLVLYNGAKMPILGLGTWKS,4
QYISLAPELLLATAIF,4
LGFTTLALVVSVTCLSLLSVWTKLRTRGRL,4
IDEILSKETCDYF,4
KNSQTVSPGAITTGNGAPIGIKDAS,4
LLLLARGHPKSRGNFPPGPRPLPLLGNLLQMDRGGLL,4
TAGKVIKCKAAVVWEPKKPFSIVEIEVAPPKAH,4
GPNITSGNPGPAIQGGGTIVQRAVKRRPGLDFD,4
MSAAILGQVWTRKLLPIPWRLCVPGRCVSSNFKA,4
ALAVLHVLEPFPTETP,4
ISCFFLVALFLASCRATTSSDQKCI,4
QLFRSRYTLGKIYFIGFQ,4
VFFVNGRKVVEKNADPETTLLAY,4
RAEQPCGAELTFELPDNAKQC,4
QCLPRTRALGTTAALAPNTLRPFEAIP,4
KLENLLRFHTIYRQLHSLCQR,4
GREEGGVGSEEGVGKQCHPS,4
MALRVTADVWLAR,4
IHYVLNISPSQEPNYYQ,4
VIKCKAAIAWEAGKPLSVEEIEVSP,4
QLWKVVRPARQL,4
LPHSLAMIRLCNPPVNAVSPTV,4
QQLRSPRQPPRLVTSTAYTSPQ,4
IEFMCTRKDSKTWGKDAWKKIVVCVVSDGRAKINP,4
MGSVLGLCSMASWIPCLCGSAP,4
LVALALARETIESLSSSEESITEYKQKVEKVK,4
LRPAAGGPRRQQQ,4
AKMETTFYDDALNASFLQSESGAYGYSNPKILKQSMT,4
AGKPLSLEEVEVAPPRAGEVR,4
TCLLAVALAKNTMEHV,4
LASAIFCLVFWVLKGLRPRVPKGLKS,4
MMSLALYTCFLWLLTSGLKTVQSLHDSHRGLAPTNVD,4
SQRLQSIKDHLVE,4
RVYKVHKDEKTGVQTVYEM,4
GLGSGLGGGLGGGRKGSGPAAFRLTEKFVLLLV,4
YQSFDKNNIRDVTDSLWRSKKTKPRGAADPN,4
TARTPIGSFQGSL,4
TQAVTDEDSSSHRDLAPTNVDFAFN,4
LALASVTEISLDNKHRHRHEQQGHHDSAKHGHQKDKQ,4
LSLYSVCPSLVVRPKPLHSCTGSP,4
FRNYRFAIGAFAVIMLILLI,4
VKAGFAGDDTPRAVFHAIVGRPRHQ,4
RYPKYGLNYYQCRPAALINNQFMPYPY,4
ETGDELVFFVNGKKVVEKDVD,4
RLGLLLSVLAATLAQAPAPDVPGCSRGSCYPATGDL,4
TEQIVVQAGQIQQQQQGGVTAVQLQTEAQVASA,4
NPCGSKACRRLFGPVDSEQ,4
PTIASGNPGPGIQGGGAVVQRAIKRRSGLDFDDEGEVNS,4
DFQWCFSQVKGAVDEDVAEADIISTVEFNYSG,4
RILHMALTGASDPSAEAEANGEKPFLLRA,4
GYRRRFCRPSRARDINTEQGQNVLEILQDCFEE,4
GQPRGGVEEGPT,4
IAWELNKPLSIEQIEVAPPKAHEVRIKILATGVCRSDEHV,4
AKLAEQAERYDDMAACMK,4
VFHRIHLPLQLDASLGSRGSESVLRSLSD,4
LLAFLAGLLLLLFR,4
GQTSISKGLNYLTIMAPGNLWHMRNNF,4
HLLSAVESELQAGSEKGDPTERELR,4
KTCENLADTFRGPCFATSNC,3
GLFVGVLAKVAAHVVPAIAEHF,3
GIGKFLHSAGKFGKAFVGEIMKS,3
GIGKFLHSAKKFGKAFVGEIMNS,3
GEGFLGMLLHGVGHAIHGLIHGK,3
GLRSKIWLWVLLMIWQESNKFKKM,3
FLPVLAGIAAKVVPALFCKITKKC,3
GWGSFFKKAAHVGKHVGKAALTHYL,3
FFGWLIRGAIHAGKAIHGLIHRRRH,3
ALWMTLLKKVLKAAAKAALNAVLVGANA,3
GLPVCGETCVGGTCNTPGCTCSWPVCTRN,3
GAFGNFLKGVAKKAGLKILSIAQCKLSGTC,3
GWFKKAWRKVKNAGRRVLKGVGIHYGVGLI,3
GSVLNCGETCLLGTCYTTGCTCNKYRVCTKD,3
RRCICTTRTCRFPYRRLGTCIFQNRVYTFCC,3
ACYCRIGACVSGERLTGACGLNGRIYRLCCR,3
GVIPCGESCVFIPCISTLLGCSCKNKVCYRN,3
GVIPCGESCVFIPCISAAIGCSCKNKVCYRN,3
KIPCGESCVWIPCVTSIFNCKCKENKVCYHD,3
GSIPACGESCFKGKCYTPGCSCSKYPLCAKN,3
CGESCVFIPCITTVLGCSCSIKVCYKNGSIP,3
ATCYCRTGRCATRESLSGVCEISGRLYRLCCR,3
AFTCHCRRSCYSTEYSYGTCTVMGINHRFCCL,3
VTCYCRRTRCGFRERLSGACGYRGRIYRLCCR,3
VTCYCRSTRCGFRERLSGACGYRGRIYRLCCR,3
GFFALIPKIISSPLFKTLLSAVGSALSSSGEQE,3
VCSCRLVFCRRTELRVGNCLIGGVSFTYCCTRV,3
DFASCHTNGGICLPNRCPGHMIQIGICFRPRVKCCRSW,3
GFGCNGPWDEDDMQCHNHCKSIKGYKGGYCAKGGFVCKCY,3
SLTQINTTLLDLTYEMLSLQQVVKALNESYIDLKEL,3
MWKTPTLKYFGGFNFSQI,3
ATAGWTFGAGAALQIPFAMQMAY,3
GYHLMSFPQAAPHGVVFLHVTW,3
GVFVFNGTSWFITQRNFFS,3
NEVAKNLNESLIDLQELGKYEQYIKWPWYVW,3
AACEVAKNLNESLIDLQELGKYEQYIKW,3
GNHILSLVQNAPYGLYFIHFSW,3
GYFVQDDGEWKFTGSSYYY,3
FKLPLGINITNFRAILTAFS,3
PTTFMLKYDENGTITDAVDC,3
VLYNSTFFSTFKCYGVSATK,3
PALNCYWPLNDYGFYTTSGI,3
RDVSDFTDSVRDPKTSEILD,3
YQDVNCTDVSTAIHADQLTP,3
SNNTIAIPTNFSISITTEVM,3
QYGSFCTQLNRALSGIAAEQ,3
GIGVTQNVLYENQKQIANQF,3
IQKEIDRLNEVAKNLNESLI,3
GINASVVNIQKEIDRLNEVAKNLNESLIDLQELGKYE,3
GINASVVNIQKEIDRLNEVAKNLNESLIDL,3
GINASVVNIQKEIDRLNEVAKNL,3
KKKKYRNIRRPG,3
ISGINASVVNIQEEIKKLNEEAKKLNESLIDLQEL,3
ISGINASVVNIQKEIDRLNEVAKNLNESLIDLQEL,3
IEEINKKVEEIQKKIEELNKKAEELNKKLEELQKK,3
TLKPIFKLPLGINITNFR,3
YENQKQIANQFNKAISQIQESLTTTSTA,3
IQESLTTTSTALGKLQDVVNQNAQALNTLVKQLSS,3
FGGASCCLYCRCHIDHPNPKGFCDLKGKY,3
GGASCCLYCRCH,3
DLKGKYVQIP,3
NCVKMLCTHTGTGQAITVTP,3
PTTCANDP,3
HVTTTFAPPPPR,3
SVVPSKATWGFA,3
FKPSSPPSITLW,3
ALNCYWPLNDYGFYTTTGIGYQPYRVVVLSFEL,3
CANLLLQYGSFCTQLNRALSGIA,3
PSSKRFQPFQQFGRDVSDFT,3
RNTREVFAQVKQMYKTPTLKYFG,3
TKFPSVYAWERKKISNCVAD,3
KGIYQTSNFRVVPSGDVVRF,3
KSNVVRGWVFGSTMNNKSQS,3
TDAVDCSQNPLAELKCSVKSF,3
TSSMRGVYYPDEIFRSDTLYL,3
YKGYQPIDVVRDLPSGFNTL,3
YNYKYRYLRHGKLRPFERDI,3
NGIGVTQNVLYENQKQIANQFNKAISQIQESLTTTSTA,3
IQKEIDRLNEVAKNLNESLIDLQELGK,3
FNKAISQIQESLTTTSTALGKLQDVVNQNAQALNTLVKQL,3
ALNTLVKQLSSNFGAISSVLNDILSRLDKVEAEVQIDRL,3
IDRLITGRLQSLQTYVTQQLIRAAEIRASANLAATK,3
YVTQQLIRAAEIRASANLAATKMSECVLGQSKRVDFCGKG,3
QPELDSFKEELDKYFKNHTSPDVDLGDISGINASVVNIQ,3
LDKYFKNHTSPDVDLGDISGINASVVNIQKEIDRLNEVAK,3
PDVDLGDISGINASVVNIQKEIDRLNEVAKNLNESLIDLQ,3
GDISGINASVVNIQKEIDRLNEVAKNLNESLIDLQELGKY,3
ISGINASVVNIQKEIDRLNEVAKNLNESLIDLQELGK,3
GINASVVNIQKEIDRLNEVAKNLNESLIDLQELGK,3
INASVVNIQKEIDRLNEVAKNLNESLIDLQELGKYEQYI,3
INASVVNIQKEIDRLNEVAKNLNESLIDLQELGK,3
INASVVNIQKEIDRLNEVAKNLNESLIDL,3
VVNIQKEIDRLNEVAKNLNESLIDLQELGKYEQYIKWPW,3
VVNIQKEIDRLNEVAKNLNESLIDLQELGK,3
IQKEIDRLNEVAKNLNESLIDLQELGKYEQYIKWPW,3
IDRLNEVAKNLNESLIDLQELGKYEQYIKWPW,3
DISGINASVVNIQKEIDRLNEVAKNLNESLIDLQELGKYE,3
GKYEQYIK,3
DLSLDFEKLNVTLLDLTYEMNRIQDAIKKLNESYINLKE,3
VKQLSSNFGAISSVLNDILSRLDKVEAEVQIDRLIT,3
DILSRLDKVEAEVQIDRLIT,3
GVTQNVLYENQKQIANQFNKAISQIQESLTTTSTALGKLQ,3
LTTTSTALGKLQDVVNQNAQALNTLVKQLSSNFG,3
KQLSSNFGAISSVLNDILSRLDKVEAEVQIDRLITG,3
GRLQSLQTYVTQQLIRAAEIRASANLAATKMSEC,3
KEIDRLNEVAKNLNESLIDLQELGKYEQYIKWPWYVW,3
LFGLIPSLIGGLVSAFK,3
LFRLIKSLIKRLVSAFK,3
SLIGGLVSAFK,3
